Year,Company,Total
2017,36 Degrees North Consultancy Solutions Limited,1
2017,3D Issue Limited,1
2017,3D4Medical Limited,1
2017,3M Ireland Limited,1
2017,4D Pharma Cork Limited,1
2017,4Efulfillment.Com Ltd T/A 4Giftsdirect.Com,1
2017,4Pm Kennedy Estates Limited,1
2017,4Tech Cardio Ireland Ltd,1
2017,9 Story Distribution International Limited,2
2017,A-Techsyn Limited,2
2017,Aa Ireland Limited,2
2017,Aarc (Management Consultants) Limited,1
2017,Aask Asian Cuisine Limited,1
2017,Abb Limited,1
2017,Abbey Lands Nursing Home And Alzheimers Unit Limited,2
2017,Abbeybreaffy Nursing Home Ltd,7
2017,Abbott Ireland,18
2017,Abbvie Ireland Nl Bv,9
2017,Abec Technologies Europe Limited,1
2017,Abtran Ecare And Fulfillment,1
2017,Abtran Ltd,1
2017,Accela Ireland Limited,1
2017,Accenture,3
2017,Accenture Global Solutions Limited,35
2017,Accenture Limited,245
2017,Accountancy & Business College (Ireland) Limited,1
2017,Accountaxassist Accountants Limited,1
2017,Ace Autobody Ltd,1
2017,Aclare House Nursing Home,1
2017,Acorn Brokerage,1
2017,Acquirer Systems Ltd,3
2017,Actavo Group Limited,1
2017,Action Point Innovation Limited,1
2017,Activision Blizzard Ireland Ltd,9
2017,Adalma Ltd.,1
2017,Adams & Butler Limited,1
2017,Adaptive Hvm Limited,1
2017,Adaptive Mobile Security Limited.,2
2017,Adara Media Unlimited Company,1
2017,Adelaide & Meath Hospital Incorporating The National Children'S Hospital,113
2017,Adept Medical Limited,1
2017,Adhesives Research Ireland Ltd,1
2017,Admiral Restaurant Limited,1
2017,Adobe Systems Software Ireland Ltd,4
2017,Adquantum Limited,1
2017,Adroll Advertising Limited,2
2017,Adtec Teoranta,1
2017,Advanced Laboratory Testing Ltd.,1
2017,Adventure Publishing Limited,1
2017,Aebe Limited,1
2017,Aegon Ireland Plc,1
2017,Aer Lingus (Ireland) Limited,2
2017,Aercap Ireland Limited,3
2017,Aerogen Ltd,2
2017,Affidea Diagnostics Ireland Limited,1
2017,Affirma Consulting Ireland Limited,1
2017,Agra Trading Limited,1
2017,Ahmad Hasan,1
2017,Ahmad Shazad Kalo,1
2017,Aidan Finn Ltd,1
2017,Aidan Sawyer,2
2017,Aig Europe (Services) Limited,1
2017,Aig Europe Limited,7
2017,Airbnb Ireland Ltd,7
2017,Airtel Atn Limited,1
2017,Ak & Ka Ventures Limited,1
2017,Aksiom Capital Management (Ie) Limited,1
2017,Alafco Aviation Lease And Finance Dac,1
2017,Alcatel-Lucent Ireland Ltd,12
2017,Alchemy Media Opco Ltd,1
2017,Alcon Laboratories Ireland Limited,2
2017,Alexion Pharma International Operations Uc,1
2017,Alig'S Limited,3
2017,Alkimii Limited,1
2017,Alkimii Ltd.,2
2017,All Seasons Flowers Ltd,1
2017,All-Technology (Ireland) Limited,6
2017,Allanbay Ltd,4
2017,Allenfield Care Homes Limited,7
2017,Allenfield Care Homes Ltd,2
2017,Allergan Pharmaceuticals International Ltd,3
2017,Alliance Medical Diagnostic Imaging Ltd,10
2017,Allianz Global Life Limited,1
2017,Allianz Managed Operations Services Se,2
2017,Allianz Plc,5
2017,Allianz Worldwide Care Limited,1
2017,Allied Imports Ltd,1
2017,Allied Irish Banks Plc,2
2017,Alokozai International Limited,1
2017,Alpha Dental Limited,2
2017,Alps Electric (Ireland) Ltd,2
2017,Altitude Internet Technology Limited,1
2017,Alucraft Ltd.,2
2017,Amaris Limited,1
2017,Amazon Cs Ireland Ltd,5
2017,Amazon Data Services Ireland Ltd,160
2017,Amazon Web Services Ireland Ltd,107
2017,Amber Health Care Ltd,4
2017,Amcrest Global Holdings Ltd,1
2017,Amdocs Software Systems Limited,23
2017,American Power Conversion Corporation (Apc) B.V.,1
2017,Amgen Technology (Ireland) Ltd,4
2017,Amgen Technology (Ireland) Unlimited Company,1
2017,Amisoft Technologies Ireland Pvt Limited,2
2017,Ammeon Ltd,3
2017,An Breacadh Nua,1
2017,Analog Devices International,8
2017,Analytical Medical Insight Ltd.,1
2017,Anam Technologies Ltd.,1
2017,Anderco Safety (Ireland) Ltd.,1
2017,Andiamo Foods Limited,1
2017,Andy & Sj Limited,1
2017,Angel Restaurant Ltd,2
2017,Anglo Beef Processors Ireland,8
2017,Anglo Beef Processors Ireland Unlimited Company,13
2017,Anglo Irish Beef Processors (Waterford),7
2017,Anh Healthcare Ltd.,2
2017,Anovocare Limited,1
2017,Anthony Coughlan,1
2017,Anthony Williams,1
2017,Anthony'S Chinese Take Away,1
2017,Anvik Company Ltd,2
2017,Aol Technologies (Ireland) Limited,1
2017,Aon Centre For Innovation & Analytics Limited,1
2017,Aon Insurance Managers (Dublin) Limited,2
2017,Apollo Aviation Management Limited,1
2017,App Solutions Software Lab Limited,1
2017,Appirio Limited,1
2017,Appistoki Ireland Limited,1
2017,Apple Distribution International,20
2017,Apple Operations Europe,19
2017,Applied Communications (Ireland) Limited,1
2017,Applied Process Consulting Limited,6
2017,Applovin Limited,2
2017,Apridata Limited,1
2017,Aptech Business Systems Ltd T/A Intact Software,1
2017,Araglen House Nursing Home Limited,2
2017,Aran Biomedical Teoranta,1
2017,Aras Slainte Ltd,3
2017,Archview Lodge Nursing Home Ltd,1
2017,Archview Physiotherapy Limited,1
2017,Ardan Capital Limited,1
2017,Ardanis Technologies Limited,2
2017,Ardeeshal Lodge Limited,2
2017,Ardmore Care Home Group Limited,2
2017,Ardmore Lodge Nursing Home Limited,7
2017,Ardmore Shipping Services (Ireland) Ltd,3
2017,Arista Networks Limited,8
2017,Arisu Korean Restaurant Limited,2
2017,Arm Ireland Limited,2
2017,Armada Hotel Holdings Ltd,1
2017,Arralis Limited,1
2017,Arralis Ltd,1
2017,Artesyn Biosolutions Ireland Ltd,1
2017,Arthur Cox Unlimited Company,3
2017,Arthur Cummings Eye Clinic Limited,1
2017,Artisan Foods Ltd,1
2017,Artizan Catering Ltd,1
2017,Artomatix Ltd,2
2017,Artzone Limited,1
2017,Arvato Finance Services Limited,13
2017,Arvato Finance Services Ltd,20
2017,Arvato Scm Ireland Limited,1
2017,Asana Software Ireland Limited,2
2017,Asavie Technologies Limited,1
2017,Ashlawn House Nursing Home,2
2017,Ashley Lodge Nursing Home Ltd,2
2017,Ashling Microsystems Ltd,1
2017,Ashok & Arshad & Anwar Ventures Limited,1
2017,Askeaton Catering Limited,1
2017,Aspect Software Irl Ltd,1
2017,Aspen Pharma Ireland Ltd,4
2017,Aspen Pharma Trading Limited,3
2017,Aspen Ventures Limited,1
2017,Aspiracon Ltd,3
2017,Aspire Technology Limited,10
2017,Assisi Ltd,2
2017,Astec Global Consultancy Limited,1
2017,Astellas Ireland Ltd,3
2017,Async Technologies Ltd,2
2017,Atami Food Services Limited,1
2017,Athlunkard Nursing Home,1
2017,Atlanta Private Nursing Home Limited,1
2017,Atlantic Aviation Group,1
2017,Atlantic Container Agencies Ltd,1
2017,Atlas Copco Finance Dac,1
2017,Atlas Language Institute T/A Atlas Language School,2
2017,Atradius Reinsurance Ltd,1
2017,Attitude Technologies Limited,1
2017,Aut O'Mattic A8C Ireland,1
2017,Autokey Automotive Ltd,2
2017,Av Pound & Co. Ltd,1
2017,Ava Trade Eu Limited,2
2017,Avaya International Sales Ltd,1
2017,Avestus Capital Partners Unlimited Company,1
2017,Avia Capital Leasing Limited,1
2017,Aviation Services (Ireland) Ltd,1
2017,Aviva Group Services Ireland Limited,5
2017,Avolon Aerospace Leasing Limited,3
2017,Awn Consulting Limited,1
2017,Awp Health & Life Sa,1
2017,Axa Group Services Ltd,1
2017,Axonista Limited,1
2017,Aylien Ltd.,1
2017,Azex Limited,1
2017,B & D Healthcare Company Ltd,3
2017,B+B Smartworx Limited,2
2017,B.F.M Bespoke Furniture Manufacturers Limited,2
2017,B.M.C. (Nursing Home) Limited,4
2017,Baboro Galway International Children'S Festival Clg,1
2017,Backup Marketing Ltd,1
2017,Badminton Union Of Ireland Company Limited By Guarantee,1
2017,Bae Systems Applied Intelligence (Ireland) Limited,4
2017,Bailey Seafoods Ltd T/A Aqua Restaurant,1
2017,Balbriggan Cricket Club,1
2017,Ballincurrig Care Centre Ltd,5
2017,Ballymount Foods Ltd T/A Maxol Mace,1
2017,Bank Of America Merrill Lynch International Limited,5
2017,Bank Of America Merrill Lynch International Ltd. - Dublin Branch,1
2017,Bank Of China (Uk) Limited (Dublin Branch),4
2017,Bank Of Ireland,4
2017,Bank Of Ireland Group Plc,3
2017,Bank Of Montreal Ireland Plc,1
2017,Banktech Software Services Limited,2
2017,Bantry General Hospital,1
2017,Barelle Limited,1
2017,Barnacyle Nursing Home Ltd,3
2017,Barnacyle Nursing Home Ltd T/A Thorpe'S Nursing Home,1
2017,Barnardos - Republic Of Ireland Ltd,1
2017,Barrett Mahony Consulting Engineers Ltd,1
2017,Barry Canny,1
2017,Barsan Global Logistics (Ie) Limited,1
2017,Bartra Capital Property Management Limited,1
2017,Baseline It Limited,1
2017,Baxter Shared Services Competencies Ltd,1
2017,Bay Spring Limited,3
2017,Bayer Limited,1
2017,Bbam Aviation Service Ltd,1
2017,Bd Sea Food Limited,1
2017,Bdb Engineering Consulting And Project Management Limited,1
2017,Bdo,5
2017,Beacon Dialysis Services Ltd,2
2017,Beacon Hospital Sandyford Limited,20
2017,Beacon Hospital Sandyford Ltd,14
2017,Beaumont Convalescent Home,1
2017,Beaumont Hospital,183
2017,Bechtle Direct Company,1
2017,Becoco Ltd,1
2017,Becton Dickinson Research Centre Ireland Ltd,21
2017,Beech Lodge Care Facility Ltd,1
2017,Beech Tree Healthcare Limited,5
2017,Beechfield Nursing Homes Limited,13
2017,Beechwood House Nursing Home Limited,6
2017,Behaviour & Attitudes Ltd,2
2017,Bellerophon Ltd,1
2017,Belmont Care Limited,11
2017,Beneavin House Limited,7
2017,Beneavin Lodge Ltd,7
2017,Benetel Limited,1
2017,Berkley Recruitment (Group) Limited,3
2017,Beta Electronics Limited,1
2017,Betstone Ltd,1
2017,Bg Equine International Limited,1
2017,Bh It Consulting Limited,1
2017,Bhappa Singh T/A Pure Indian Takeaway,1
2017,Bijenderi Adhikari,1
2017,Bik Yee Wong,1
2017,Bikeexchange Ltd.,1
2017,Bio-Marine Ingredients Ireland Ltd,1
2017,Bio-Medical Research Ltd,2
2017,Bioatlantis Ltd,2
2017,Biotech Europe Meditech Inc Limited,1
2017,Bishopscourt Residential Care Ltd.,2
2017,Bizimply Limited,1
2017,Bjps Ltd.,1
2017,Bke Care Ltd,1
2017,Black Box Software Development Services Limited,1
2017,Black Box Software Development Services Ltd.,1
2017,Blackrock Clinic,19
2017,Blackrock Investment Management (Dublin) Limited,3
2017,Blackrocks Nursing Home,1
2017,Blackstone / Gso Debt Funds Management Europe Limited,2
2017,Blairs Hills Nursing Home Limited,3
2017,Bleeperbike Ireland Opco Limited,1
2017,Blizzard Entertainment Ireland Ltd,16
2017,Bloomfield Care Centre Ltd,9
2017,Blooms Hotel,1
2017,Blue Face Ltd T/A Blueface,1
2017,Blue Insurances Ltd,3
2017,Blue Way Limited,1
2017,Bluebell Care Limited,3
2017,Bluemetrix Ltd,1
2017,Bmb Hotel Management,1
2017,Bmw Automotive Ireland Limited,1
2017,Bnp Paribas Fund Administration Services (Ireland) Limited,1
2017,Board Risks Decisions Systems Limited,1
2017,Body Safety Limited,2
2017,Boeing Ireland Limited,3
2017,Bolden Nursing Limited,4
2017,Boliden Tara Mines Ltd,1
2017,Bombay Palace Restaurant (Cork),1
2017,Bon Secours Health System Clg,4
2017,Bon Secours Health System Company Limited By Guarantee,5
2017,Bon Secours Health Systems,23
2017,"Bon Secours Hospital, Kerry",6
2017,Bootstrap Ltd.,3
2017,Boran Plastic Packaging Ltd,1
2017,Bord Gais Energy Ltd,2
2017,Bord Na Mona Environmental Limited,1
2017,Borderfree Limited,1
2017,Boston Scientific Limited,1
2017,Boston Scientific Ltd,5
2017,Botb Ireland Ltd,1
2017,Boulder Media Ltd,4
2017,Boxever Limited,1
2017,Boylesports Limited,1
2017,Boyne Grove Fruit Farm Ltd.,1
2017,Boyne Valley Meats Ltd,5
2017,Bq House Take Away,1
2017,Braithwaite Technology Consultants Limited,1
2017,Bramleigh Lodge Nursing Home Limited,2
2017,Brandon House Hotel & Leisure Centre,2
2017,Breezeglen Ltd,2
2017,Brehon Care Limited,2
2017,Brian Walker Holdings Limited,1
2017,Bridgelynn Limited,2
2017,Bridhaven Nursing Home,13
2017,Brightwater Selection(Irl)Ltd.,1
2017,Brindley Manor Federation Of Nursing Homes Unlimited Company,1
2017,Brivant Ltd,2
2017,Brook Technical Services,1
2017,Brookfield Care Services Limited,4
2017,Brookhaven Nursing Home Ltd,3
2017,Brothers Of Charity Services Ireland,2
2017,Brown Bag Films Ltd,19
2017,Brown Bag Films Unlimited Company,12
2017,Brown Brothers Harriman Trustee Services (Ireland) Limited,3
2017,Browserstack Limited,1
2017,Brymore House Nursing Home Ltd,1
2017,Bsi Cybersecurity And Information Resilience (Ireland) Limited,1
2017,Bt Communications Ireland Limited,2
2017,Buddha Lounge & Restaurant Ltd,1
2017,Bunclody Engineering Company Limited,1
2017,Bushmount Nursing Home Ltd,3
2017,Business Edge Ltd,1
2017,Business Objects Software Ltd,5
2017,Business Recovery Services Limited,1
2017,Business To Arts,1
2017,Buy4Now Ltd,1
2017,Cableplan,1
2017,Cahereen Residential Care Ltd,1
2017,Cainthus Ireland Ltd,3
2017,Caiseal Geal Teoranta,1
2017,Calc Global Leasing Limited,2
2017,Calor Teoranta,1
2017,Cambio Investments Ltd,1
2017,Camile Thai Kitchen Limited,1
2017,Camillus Healthcare Limited,1
2017,Campion Mechanical & Electrical Engineering Ltd,1
2017,Candela Healthcare Ltd,7
2017,Candy Shop,1
2017,Capernaum Limited T/A Advance Learning,1
2017,Capgemini Sogeti Ireland Ltd,51
2017,Capita Asset Services (Ireland) Limited,1
2017,Capita Ib Solutions (Ireland) Limited,1
2017,Capita Life And Pensions Services (Ireland) Limited,1
2017,Capital Markets Recruitment Limited,1
2017,Capp Evoluer Ltd,1
2017,Cappoglen Limited,1
2017,Cara Senior Care Ltd,1
2017,Carbeth Consulting Limited,1
2017,Cardinal Health Ireland 508 Limited,6
2017,Carechoice Clonakilty,3
2017,Carechoice Dungarvan,6
2017,Carechoice Macroom,5
2017,Carechoice Montenotte,6
2017,Caring Hands Ltd,2
2017,Carlow/Kilkenny Mental Health Services,19
2017,Carlson Wagonlit Ireland Limited,1
2017,Carlton Dental Care Limited,1
2017,Carmen Ka Mon Chen,1
2017,Carr Sons Seafood Ltd,1
2017,Carrigoran House,1
2017,Cashel Care Ltd,1
2017,Castle Rock Media Limited,1
2017,Castle Rook Limited,4
2017,Castleturvin House Nursing Home Ltd,2
2017,Cavan General Hospital,109
2017,Cavan Monaghan Mental Health Service,10
2017,Cb Pub Management Limited,1
2017,Cbre Unlimited Company,1
2017,Cckf Limited,1
2017,Cct International Marketing Limited,2
2017,Cct Marketing International Limited,1
2017,Cdb Aviation Lease Finance Dac,2
2017,Cdk Global Automotive Systems (Ireland) Limited,1
2017,Cecil Street Pharmacy Ltd,1
2017,Celestica Ireland Limited,1
2017,Celtrak Limited,2
2017,Censeo Resources Limited,1
2017,Central Bank And Financial Services Authority Of Ireland,1
2017,Central Mental Hospital,3
2017,Centric Health,2
2017,Centric Health Primary Care Limited,2
2017,Ceol Agus Bia Limited,1
2017,Ceramicx Ireland Ltd.,1
2017,Cerner Ireland Ltd,3
2017,Cg Power Systems Ireland Limited,1
2017,Ch2M Hill Idc - Limited,7
2017,Chameleon Advertising Technologies Ltd,1
2017,Chandpur Indian Restaurant Limited,1
2017,Chanelle Pharmaceuticals Manufacturing Limited,4
2017,Chanelle Pharmaceuticals Manufacturing Ltd,14
2017,Channelsight,1
2017,Chapter 2 Fitness Limited,1
2017,Charles J. Johnston & Son Limited,1
2017,Charles River Development Ireland Ltd.,1
2017,Charles River Labs Preclin Ser Irl Ltd,1
2017,Chase Paymentech Europe Ltd,1
2017,Chasing Returns Ltd.,1
2017,Cheeverstown House Ltd.,1
2017,Chen Kong Wong,1
2017,Cheng Keong Chong,1
2017,Cherry Grove Nursing Home,1
2017,Cherry Grove Nursing Home Limited,1
2017,Children'S University Hospital Limited,1
2017,Childvision,1
2017,China Link Chinese Takeaway,1
2017,Ching Mei Liew,1
2017,Chooi Yee Foo,1
2017,Chorus Aviation Capital (Ireland) Limited,2
2017,Chris Terry,1
2017,Chubb Ireland Ltd,1
2017,Chungs Cuisine Catering Company Limited,1
2017,Chuong Wang Hou,1
2017,Cinnamon Garden Limited,2
2017,Circle Internet Financial Trading Company Limited,1
2017,Circle K Procurement And Brands Limited,7
2017,Cisco Systems Internetworking (Ireland) Limited,2
2017,Cit Aerospace International,1
2017,Citco Fund Services (Ireland) Limited,9
2017,Citco Technology Management Ireland Limited,3
2017,Citi Bus Limited,1
2017,Citibank Europe Plc,77
2017,Citibank N.A.,16
2017,Citidwell Homes Limited,1
2017,Citrix Systems International Gmbh,1
2017,Citrix Systems Ireland Limited,1
2017,City Pharmacy Ltd,1
2017,City Wonders Limited,1
2017,Citypost Limited,1
2017,Civic Integrated Solutions Ltd,1
2017,Claimsure Slainte (Ireland) Limited,1
2017,Claimvantage Corporation Ltd,3
2017,Clanwilliam Health Limited,2
2017,Clara Nursing Home Limited,2
2017,Clara Nursing Home Ltd,1
2017,Clara Nursing Home Ltd.,1
2017,Claremount Nursing Home Ltd,6
2017,Clarity Learning Systems Limited,1
2017,Clean Communications Limited,2
2017,Clearstream Global Securities Services Ltd,3
2017,Cleartech Engineered Solutions,1
2017,Clearwood Property Management Co Ltd T/A Millhouse Care Centre,4
2017,Client Solutions Limited,5
2017,Climote Ltd,1
2017,Clontarf Cricket Club,1
2017,Clontarf Hospital,2
2017,Cloverland Healthcare Ltd (In Receivership),8
2017,Club Travel Ltd.,7
2017,Cmg Interactive Ltd,1
2017,Cmig Aviation Capital Holding Ireland Dac,1
2017,Cmy Restaurants Ltd,2
2017,Codec-Dss Limited,17
2017,Cognizant Technology Solutions Ireland Limited,85
2017,Cognizant Technology Solutions Ireland Ltd,31
2017,Coinaphoto Ireland Limited,1
2017,Coinglade Limited,1
2017,Colgate Palmolive Support Services,2
2017,College View Ltd T/A College View Nursing Home,2
2017,Colours International Dub Ltd,2
2017,Comhar Linn Into Credit Union Limited,1
2017,Commissioning Agents Ireland Ltd.,6
2017,Commodity Vectors (Ireland) Limited,1
2017,Compass Catering Services Ireland Ltd.,1
2017,Compuhire Limited,1
2017,Compute Systems,1
2017,Computer Placement Limited,4
2017,Compóird Teoranta,5
2017,Comtrade Digital Services Limited,1
2017,Connaught Electronics Limited,26
2017,Connectors Marketplace Limited,1
2017,Connelly Partners Integrated Europe Ltd,1
2017,Connolly Hospital,27
2017,Contextlogic Ireland Limited,1
2017,Continuous Software Limited,2
2017,Contract People Ltd,1
2017,Control Equipment Ltd,1
2017,Cook Ireland Ltd,1
2017,Cooksgrove Ltd.,11
2017,Cooley Nursing Home Ltd T/A Carlingford Nursing Home,1
2017,Coolmine Healthcare Limited,4
2017,Coolmine Healthcare Ltd,1
2017,Cooney Architects,2
2017,Corcra Teal Limited,1
2017,Core Computer Consultants Limited,2
2017,Core Ibs Ltd,1
2017,Cork Association For Autism,1
2017,Cork County Cricket Club,1
2017,Cork English Training World Limited,1
2017,Cork University Hospital,144
2017,Corlytics Ltd,1
2017,Coronation Capital Limited,1
2017,"Corvil, Ltd.",6
2017,Costello'S Brewing Company,1
2017,Costern Limited,13
2017,Country Clean Recycling Unlimited T/A Cork Mini Skips,1
2017,County Roscommon Disability Support Group Clg,1
2017,Coupa Operations Inc.,2
2017,Cowper Care Centre Dac,8
2017,Cowper Care Centre Ltd,13
2017,Cr2 Ltd.,1
2017,Crash Ensemble,1
2017,Crazy Style Ltd,1
2017,Creagh Medical Limited,1
2017,Creative Collisions Limited,2
2017,Credit Suisse Ag Dublin Branch,8
2017,Creganna Unlimited Company,4
2017,Crevinn Teoranta,1
2017,Crh Group Services Limited,6
2017,Cronin Precision Engineering Ltd,1
2017,Croom Rheumatology Research Company Limited By Guarantee,1
2017,Cross Vetpharm Group Ltd. T/A Bimeda,2
2017,Crowley Millar Solicitors,1
2017,Crowleys Dfk Unlimited Company,2
2017,Crystal Cleaning And Maintenance Services Limited,1
2017,Crystal Energy Ltd,1
2017,Crystal Equation Ireland Limited,3
2017,Csec Management Services (Ireland) Ltd,4
2017,Cubematch (Ireland) Limited,4
2017,Cubic Telecom Ltd,2
2017,Cuil Didin Ltd,3
2017,Cup Print Unlimited,1
2017,Currencyfair Limited,1
2017,Custom Compost Unlimited Company,1
2017,Cv Homecare Solutions,1
2017,Cwk Food Processing Limited,1
2017,Cxc Corporate Managed Services Limited,1
2017,Cybersmarties Limited,1
2017,Cylance Ireland Limited,2
2017,Cypress Semiconductor Ireland,2
2017,D B Alliance Ltd,1
2017,D'Amico Tankers Designated Activity Company,1
2017,D'Amico Tankers Ltd,1
2017,D.E.M. Machines Ltd,1
2017,Dabakala Limited T/A Lois Bridges,1
2017,Dairygold Co-Operative Society Limited,2
2017,Dansar Care Limited,2
2017,Dargleglade Limited,1
2017,Darraglynn Nursing Home Ltd,2
2017,Darta Saving Life Assurance Dac,1
2017,Data Exchange Europe,1
2017,Datahug Ltd,2
2017,Datalex Ltd,6
2017,David Lloyd Riverview Operations Irl Ltd,1
2017,Davidson Kempner Ireland Designated Activity Company,2
2017,Davis Events Limited,1
2017,Dawn Farm Foods Ltd,2
2017,Dawn Meats Ireland,20
2017,Dawson Jewellers Ltd,1
2017,Db Business Information Solutions Unlimited Company,12
2017,Db Service Centre Limited,4
2017,Dcm Compliance Limited,1
2017,Dcu Commercial Designated Activity Company,1
2017,De Burgh Equine Limited,1
2017,Dealgan House Nursing Home Ltd,2
2017,Debenhams Retail Ireland Ltd,1
2017,Decawave Limited,2
2017,Declan Black,4
2017,Delahunt 39 Restaurant Ltd.,1
2017,Dell Bank International Designated Activity Company,1
2017,Dell Direct,12
2017,Dell Products Ltd,8
2017,Deloitte,72
2017,Deloitte Technology Solutions Limited,26
2017,Delpac Limited,1
2017,Delpac Ltd,1
2017,Delphi Global Operations Limited,6
2017,Demonware Ltd,1
2017,Demonware Ltd.,1
2017,Dennison Trailers Unlimited Company,1
2017,Denthouse Dental Ltd,1
2017,Depalma Woods Limited,1
2017,Deposify Limited,1
2017,Dermot O'Reilly & Thomas Corcoran,1
2017,Desarc Ltd,1
2017,Desi Curry & Grill Cafe Ltd,1
2017,Designer Group,1
2017,Dhl Express Ireland Ltd,1
2017,Diageo Ireland,2
2017,Diamond Cuisine Limited,2
2017,Diamond Glass Limited,1
2017,Digit Game Studios Ltd,4
2017,Digital Arbitrage Limited,2
2017,Digital Crew Ltd,5
2017,Digital Media Ventures Limited,3
2017,Digital Realty (Management Company) Limited,1
2017,Digital Strategy Consultants Ltd.,2
2017,Dim Sum (Ireland) Limited,1
2017,Disability Federation Of Ireland,1
2017,Dita Eyewear Europe Limited,1
2017,Dmhr Limited,1
2017,Docusign International (Emea) Limited,1
2017,Dominican Sisters Santa Sabina House,2
2017,Donal Macmonagail Agus A Mhic Teoranta,3
2017,Donegal Courier Services Ltd,1
2017,Donegal Holdings Ltd,1
2017,Doosan Trading Limited,2
2017,Doter Ltd. (Lotus Garden),1
2017,Dp Designpro Ltd,1
2017,Dps Engineering & Construction Ltd.,2
2017,Dr George O Mahony Dr Nick Flynn Partnership,1
2017,Dr Sumenthree Moodley,1
2017,Dr. Oetker Ireland Ltd,1
2017,Drakelands Nursing Home Ltd,2
2017,Drescator Ltd,3
2017,Drive Right Holdings Ltd,1
2017,Droimnin Nursing Home Ltd,3
2017,Dropbox International Unlimited Company,7
2017,Drumderrig House Nursing Home Limited,4
2017,Dtos Consultants Limited,1
2017,Dublin Aerospace,1
2017,Dublin City University,3
2017,Dublin College Of Business Studies Ltd.,3
2017,Dublin Ink Social Club Ltd,1
2017,Dublin Institute Of Technology,5
2017,Dublin Mid Leinster Mental Health Services,7
2017,Dublin Moon Limited,1
2017,Dublin North City Mental Health Services,55
2017,Dublin Simon Community,12
2017,Dublin South Central Mental Health Service,4
2017,Dublin Tutorial Centre Limited,1
2017,Ducalla Limited,1
2017,Dun Laoghaire Sushi Ltd,1
2017,Dunbia Kilbeggan,2
2017,Dunboyne Nursing Home Limited,2
2017,Dundas Limited,3
2017,Dunnes Stores Limited (Dublin),1
2017,Dunraven Arms Hotel,1
2017,Dunraven Systems,1
2017,Dynamic Retail Services Limited,1
2017,E-Nasc Eireann Teoranta,2
2017,E-Pire Limited,1
2017,E-Search Limited T/A Newsweaver,1
2017,E-Spatial Solutions Ltd.,1
2017,Earlsfort Centre Hotel Proprietors Limited T/A Conrad International Hotel,1
2017,Eastway Technical Consultants Ltd,1
2017,Eaton Industries (Ireland) Limited,3
2017,Ebay Europe Services Ltd,3
2017,Ecommodation Lab Ltd,1
2017,Econiq Limited,1
2017,Ecovis Dca Limited,1
2017,Ed Advanced Medical Services Ltd,1
2017,Edelle Logan,1
2017,Edi Factory Ltd,8
2017,Education Management Corporation Ltd,1
2017,Edward Pakenham,2
2017,Egis Road & Tunnel Operation Ireland Limited,1
2017,Egutta Limited,1
2017,Eha Corporate Ltd,1
2017,Eircom Limited,1
2017,Eirespan Distribution Ltd,1
2017,Eisnerampermko Ltd,2
2017,Elaine And Timothy Leary Partnership,1
2017,Elavon Financial Services Dac,3
2017,Elavon Financial Services Ltd,1
2017,Elder Nursing Home Charleville Ltd,2
2017,Elder Nursing Homes Ltd,4
2017,Elder Nursing Homes Ltd T/A Lakes Nursing Home,3
2017,Eleana Foran,1
2017,Electricity Supply Board,15
2017,Electronic Arts Ireland Limited,1
2017,Electroroute Market Access Limited,2
2017,Element Fleet Technology Limited,5
2017,Element Six Ltd,1
2017,Elephants Don'T Forget Limited,2
2017,Eli Lilly Kinsale Limited,11
2017,Eli Lilly S.A. - Irish Branch,4
2017,Eli Lilly Sa,1
2017,Elix Aviation Capital Limited,1
2017,Eliza Care Ltd,6
2017,Ellucian Ireland Limited,2
2017,Elm Consulting And Solutions Limited,1
2017,Emagine Media Ltd,1
2017,Embed Technical Transfer Limited,1
2017,Emc Information Systems International,13
2017,Emerald Restaurants Ltd,1
2017,Emergenetics Ireland Ltd,1
2017,Emerson Process Management Limited,12
2017,Emerson Process Management Ltd,7
2017,Empowertheuser (Etu) Ltd,1
2017,Enbio Ltd,1
2017,Encription Ireland Ltd,1
2017,Endo Ventures Limited,1
2017,Enernoc Ireland Ltd,4
2017,Engine Lease Finance Corp,3
2017,Engine Solutions Limited,1
2017,"Engis Technologies, Inc.",1
2017,Enhanced Element Limited,1
2017,Enigmasoft Limited,1
2017,Enovation Solutions Limited,1
2017,Enroc Consulting Limited,1
2017,Entercoms Global Operations Ltd,1
2017,Enterprise Registry Solutions Ltd,1
2017,Enterprise Solutions,1
2017,Enterprise System Partners Limited,2
2017,Entry Point North Ireland Dac,1
2017,Ents Transport Limited,1
2017,Epic Ireland Exhibitions Limited,1
2017,Equiendo Limited,1
2017,Equifax Technology (Ireland) Limited,29
2017,Equinix Ireland Enterprises Limited,1
2017,Ergoservice Ltd,1
2017,Ergoservices Limited,2
2017,Ergoservices Ltd,5
2017,Erica Conaty,1
2017,Ernst & Young,100
2017,Ernst & Young Services (Ireland) Ltd,1
2017,Erova Energy Ltd,1
2017,Errigal Operations Software Ltd,4
2017,Ers Computer Solutions Limited,1
2017,Esentire E.U Ltd,1
2017,Esker Ri,1
2017,Ethiopian Airlines Enterprise,4
2017,Etihad Airways Pjsc,1
2017,Etrawler Ltd,12
2017,Etrm Services Ireland Limited,1
2017,Euro Care Healthcare Limited,1
2017,Euro Insurances Ltd.,1
2017,Eurobase Limited,1
2017,Eurofins Professional Scientific Services Ireland Limited,1
2017,European Institute Of Women'S Health Limited,1
2017,European Refreshments,2
2017,Europharma Concepts Limited,1
2017,Evat Solutions Limited,1
2017,Evercam Ltd.,1
2017,Everfresh Veg Ltd,1
2017,Evergreen Marine (Uk) Limited,1
2017,Evolusion Innovation International Ltd,2
2017,Executive Lets Eat In,1
2017,Exertis Ireland Limited,1
2017,Exsite Communications Limited,1
2017,Extraspace Solutions Ltd,1
2017,Ezetop Limited,4
2017,Facebook Ireland Limited,141
2017,Fainleog Teoranta,1
2017,Fainleog Teoranta Trading As St. Colmcilles Nursing Home,1
2017,Fairlawns Nursing Home Limited,1
2017,Faisc Miotail Eireann Teo,1
2017,Faithlegg Hotel Ltd.,1
2017,Fashionflo Limited,3
2017,Fastform Research Ltd,3
2017,Fatt Loong Chai,2
2017,Fbd Insurance Plc,5
2017,Fei Chen,1
2017,Fei Fei Xue,2
2017,Fenergo Limited,1
2017,Ferrycarrig Castle Hotel,1
2017,Fexco,5
2017,Fexco Unlimited Company,1
2017,Ffh Management Services Ltd,2
2017,Fgl Aircraft Ireland Limited,2
2017,Field Management Ireland Limited,1
2017,Fil Transaction Services Limited,8
2017,Fincad Europe Ltd,1
2017,Fineos Corporation,3
2017,Finn Harps Cooperativ Society Ltd T/A Finn Harps Football Club,1
2017,Finnerty Bruen Management Ltd,1
2017,Fintrax Group Holdings Limited,8
2017,Fiona Mcmickan,1
2017,Fiplc (Ireland) Ltd,1
2017,Fireeye Ireland Limited,4
2017,First Data Global Services Ltd,1
2017,First Merchant Processing (Ireland) Limited,1
2017,First Names Corporate Services (Ireland) Limited,1
2017,Firstcare Ireland Blainroe Limited,5
2017,Firstcare Ireland Kilcock Limited,4
2017,Fisc Ireland Limited,4
2017,Fisc Ireland Ltd.,13
2017,"Fishamble Theatre Company, Clg",1
2017,Fisher Scientific Ireland Ltd,1
2017,Fitbit International Limited,1
2017,Fitness Club Franchising,1
2017,Fj Restaurants Limited,1
2017,Flaktwoods (Ireland) Ltd,1
2017,Flanagan Nursing Home Ltd T/A St. Phelim'S Nursing Home,1
2017,Flannery'S Nursing Home Ltd,3
2017,Fleetmatics Ireland Limited,37
2017,Fleetmatics Ireland Ltd,3
2017,Flexifi Europe Services Limited,1
2017,Fluor Ireland Limited,1
2017,"Fm Auditors, Tax Business Advisors",2
2017,Focus Corporate Finance Limited,1
2017,Fone Connection Limited,1
2017,Fonua Ltd.,1
2017,Forbidden City Ltd,1
2017,Forcepoint International Technology Limited,1
2017,Fort Wayne Metals (Ireland) Ltd.,1
2017,Foxberry Limited,4
2017,Fpg Amentum Limited,1
2017,Fpt Taverns Ltd.,1
2017,Framework Computer Consultants Ltd,1
2017,Fresh Palace Ltd,1
2017,Frith Service Contracts Ltd,2
2017,"Front Line, The International Foundation For The Protection Of Human Rights Defenders",1
2017,Frontend Usability Engineering Ltd.,1
2017,Frontier Economics Limited,1
2017,Fujitsu (Ireland) Limited,1
2017,Fun Tech Limited,1
2017,Fundassist Limited,1
2017,Fundtech India Pvt Limited,4
2017,Funtech India Pvt Limited,2
2017,Fusio Ltd,1
2017,Fusioneer Software Limited,1
2017,Future Analytics Consulting Limited,1
2017,Future Finance Loan Corporation Limited,7
2017,Future Learning Language School,1
2017,Fyffes Management Services Ireland Limited,6
2017,G & T Gallen Ltd,5
2017,Gaelectric Holdings Plc,1
2017,Galaxe Healthcare Solutions Ireland Limited,1
2017,Galfay Company,1
2017,Galway Arts Festival Ltd,1
2017,Galway Clinic,13
2017,Galway Clinic Ltd,2
2017,Galway County Council,1
2017,Galway Roscommon Mental Health Service,20
2017,Galway University Hospital,136
2017,Game On Media Limited,4
2017,Gamestop Europe Services Ltd.,1
2017,Garrett Byrne,1
2017,Gary Gavigan,4
2017,Gbw Professional Services Limited,1
2017,Ge Capital Aviation Services Ltd.,1
2017,Ge Financial Markets Unlimited Company,1
2017,Ge Sensing Emea,3
2017,Gencell Biosystems Limited,2
2017,General Electric International Inc.,1
2017,General Motors Ireland Limited,1
2017,General Motors It Services (Ireland) Ltd,3
2017,Genesis Automation Ltd.,2
2017,Geoffrey Allen & Condron Dermot,1
2017,Germahon Ltd,1
2017,Gerson Lehrman Group (Ireland) Limited,10
2017,Gigglet Greetings Incorporated,1
2017,Gill Excavations Ltd.,1
2017,Gillian Smith,1
2017,Gilt Global Trading & Procurement Company Limited,1
2017,Gilt Global Trading & Procurement Company Unlimited,1
2017,Gingerbread Animation Limited,1
2017,Gingerside Limited,6
2017,Glanbia Management Services Limited,1
2017,Glanbia Public Limited Company,6
2017,Glass & Alu Cad Ltd,1
2017,Glass Lewis Europe Ltd,4
2017,Glaxosmithkline Dungarvan Ltd,1
2017,Glaxosmithkline Ireland Limited,1
2017,Glen Dimplex Ireland,3
2017,Glenaulin Nursing Home Limited,4
2017,Glenbeigh Construction Ltd,1
2017,Glendonagh Residential Home Limited,2
2017,Glenhaven Foods(Arklow)Ltd T/A Glenhaven Quality Foods,1
2017,Glenn Anthony Ltd,1
2017,Glennon Bros. Timber Limited,1
2017,Glenone Creche & Montessori School,1
2017,Global Asian Restaurants Limited,1
2017,Global Entserv Solutions Galway Limited,1
2017,Global Fruit Company Ltd,1
2017,Global Luxury Treasures Ltd,1
2017,Global Medical Treatment Ltd,2
2017,Global Merchant Risk Technologies,1
2017,Global Minds Software Limited,1
2017,Global Shares Ireland Ltd,1
2017,Globe Technical Services Limited,44
2017,Globoforce Ltd,1
2017,Go Parcel Limited,1
2017,Gofundme Ireland Limited,2
2017,Gofundme Ireland Ltd,2
2017,Gold Falcon Catering ( Ireland ) Ltd,2
2017,Gold Shield Products Ltd,1
2017,Golden Nursing Homes Ltd,1
2017,Golden Nursing Homes Ltd T/A Douglas Nursing & Retirment Home,3
2017,Golife Limited,1
2017,Good Luck Restaurant Limited,1
2017,Good Travel Software Limited,1
2017,Goodman Medical Ireland Ltd,1
2017,Goodwill Catering Limited,1
2017,Google Ireland Limited,285
2017,Gortroe Nursing Home Ltd T/A Youghal & District Nursing Home,1
2017,Gowran Abbey Nursing Home,3
2017,Grange Con Quarters Ltd,1
2017,Granmont Limited,1
2017,Grant Thornton,60
2017,Grassland Agro,1
2017,Great Dublin Capital Limited,1
2017,Green Letterbox Limited,1
2017,Green Pasture Meat Processors Limited,1
2017,Green Pastures (Donegal),1
2017,Greenfinch Technology Ltd,3
2017,Greenmast Limited,5
2017,Greysal Restaurants Ltd,3
2017,Grooming Ventures Ltd.,1
2017,Groupon International Limited,21
2017,Gtlk Europe Dac,1
2017,Guidewire Software (Ireland) Limited,13
2017,Gulfstream Support Services Ltd,2
2017,Gunn Lennon Fabrication Ltd.,2
2017,H&A (Audit And Advisory Services) Ltd,1
2017,Haines Fleet Management Limited,1
2017,Hamilton Park Care Centre Limited,14
2017,Hanford Commercial Ltd,1
2017,Hanley Calibration Services Limited,1
2017,Hanly Quarries Ltd,1
2017,Hannah'S Coffee Shop Ltd,1
2017,Hao Yun Limited,1
2017,Haotong Aerotech Limited,1
2017,Hard Metal Machine Tools Limited,1
2017,Harmonic Fund Services Ireland Limited,1
2017,Harvey Nash (Ireland) Ltd.,1
2017,Hasta Healthcare Ltd,4
2017,Haven Bay Care Centre Ltd,6
2017,Havenwood Retirement Village Ltd,1
2017,Hawthorn Logistics Solutions Ltd,1
2017,Hbv Ireland Ltd,4
2017,Hcl (Ireland) Information Systems Limited,7
2017,Hcl Technologies Limited,103
2017,Health Ddbw Limited,1
2017,Health Service Executive,2
2017,Health Service Executive Mid West Mental Health Services,3
2017,Health Servie Executive Mid West Mental Health Services,1
2017,Health Sport Technologies Limited,1
2017,Healy Kelly Turner & Townsend Ltd,1
2017,Heanet Ltd,1
2017,Helen & Kathleen O'Mahony,4
2017,Heng Tai Trading Ltd,1
2017,Hermitage Clinic Limited,5
2017,Hermitage Medical Clinic,4
2017,Herterich Artisan Butcher'S Ltd,1
2017,Hertz Europe Service Centre Limited,2
2017,Hewlett Packard Galway Ltd,1
2017,Hfc Prestige Manufacturing Ireland Limited,1
2017,Hibergene Diagnostics Limited,1
2017,Hibernia Services Ltd,1
2017,Hibernian Gifts Ltd,1
2017,Higher Education Authority T/A An Tudaras Um Ard Oideachas,2
2017,Hilan Korean Restaurants Limited,1
2017,Hillview Nursing Home And Convalescence Home,1
2017,Hilti Fastening Systems Ltd,1
2017,Hines Real Estate Ireland Limited,1
2017,Hj Lyons Architects Ltd.,1
2017,Hmh Ip Company,3
2017,Hmv Engineering Ltd,4
2017,Hoffman & Hoffman Inc.,8
2017,Hoffman And Hoffman Ireland Limited,2
2017,Hoi Ping Mok,1
2017,Home Fare Services ( Cafe Kylemore ),1
2017,Homestay International Student Accommodation,2
2017,Honestar Limited,1
2017,Honeywell Control Systems Limited,1
2017,Honeywell Control Systems Ltd,11
2017,Hong Feng Du,1
2017,Hope Autism Care Centre Ltd,3
2017,Hopeside Limited,3
2017,Horizon Globex Ireland Limited,2
2017,Horizon Pharma Services Limited,1
2017,Horseware Products Ltd.,1
2017,Hortonworks International Limited,1
2017,Hosford Property Consultants Ltd,1
2017,House Of Lotus Ltd.,2
2017,Hp Technology Ireland Limited,1
2017,Hrb Gtc Ireland,2
2017,Hrm Recruitment Ltd,2
2017,Hsbc Securities Services (Ireland) Dac,4
2017,Hse National Drug Treatment Centre,5
2017,Hse West (Galway),1
2017,Hua Da Limited,1
2017,Hua Mei Limited,2
2017,Hua Xin Limited,1
2017,Huarui Limited,2
2017,Huawei Technologies (Ireland) Co Ltd,20
2017,Huawen Foundation Limited,8
2017,Hubspot Ireland Ltd,25
2017,Hudson Advisors Europe Dac,1
2017,Hughes Blake,1
2017,Humar Ltd,3
2017,Hussein Jeanette Ali Ltd,2
2017,Hwt Engineering Ltd,3
2017,Hx46 Cafe And Pan Asian Casual Dining Ltd,1
2017,Hyde Seek Childcare Ltd.,1
2017,Hélène Broderick,1
2017,I-Believe Limited,1
2017,I.T. Alliance Ltd.,4
2017,Iag Gbs,1
2017,Ibm Global Services Bv,3
2017,Ibm Global Services Limited,16
2017,Ibm Ireland Limited,22
2017,Ibm Ireland Product Distribution Limited,32
2017,Ic Iradio Limited,1
2017,Ic Mask Design Limited,1
2017,Ic Realtime Ltd,1
2017,Icbc International Leasing Company Ltd,1
2017,Icon Clinical Research Ltd,10
2017,Iconic Translation Machines Limited,1
2017,Ida Ireland,1
2017,Identigen Ltd,1
2017,Idfar Ltd,1
2017,Idg Communications Limited,1
2017,Ies Lean Systems Ltd,1
2017,Ifds Percana Group Ltd,1
2017,Ikea Ireland Limited,1
2017,Ikkaido Inclusive Martial Arts,1
2017,Ilfc Ireland Limited,3
2017,Image Now Consultants Limited,1
2017,Imagine Telecommunications Business Limited,1
2017,Immersive Vr Education Ltd,1
2017,Imperial Garden Ltd,1
2017,Imran & Zahid Ventures Ltd,1
2017,In The Company Of Huskies Limited,4
2017,Incognito Interactive Limited,3
2017,Indeed Ireland Operations Limited,15
2017,Indian Trading Co T/A Indian Spice Co,1
2017,Induction Manager Limited,1
2017,Induction Manager Ltd,1
2017,Infineon Technologies Irl Ltd,1
2017,Inflight Audio,1
2017,Inflight Audio Unlimited Company,1
2017,Informatica Ireland Emea Unlimited Company,1
2017,Information Mosaic Technology Ltd,1
2017,Information Providers Ltd,1
2017,Infosys Bpo Limited,132
2017,Infosys Limited,12
2017,Ingersoll Rand International Limited,3
2017,Ingersoll-Rand International,1
2017,Inis Ban Limited,1
2017,Inishan Nursing Homes & Co Ltd,1
2017,Inishan Nursing Homes Co Ltd,2
2017,Innalabs Limited,1
2017,Innealtóirí Cairte Uí Mhaolalla Teoranta,1
2017,Inneo Ltd,1
2017,Innopharma Research Limited,1
2017,Innovapeak Ltd,1
2017,Innovative Interfaces Global Limited,1
2017,Innstant Travel Ltd,1
2017,Insightsworld Learning Ireland Ltd,1
2017,Instat Limited,1
2017,Institute Of Technology Carlow,1
2017,Intarcia Ireland Limited,1
2017,Intec Billing Ireland Ltd,1
2017,Integrity Communications,2
2017,Integrity Communications Limited,8
2017,Intel Ireland Limited,58
2017,Intel Research & Development Ireland Ltd,27
2017,Interactive Data (Ireland) Limited,3
2017,Intercambio Study Travel Limited,1
2017,Intercom R&D,6
2017,Interlink Ireland Limited,1
2017,International Living Publishing Limited,1
2017,International Society For Krishna Consciousness (Ireland) Limited,1
2017,Intertrust Management Ireland Ltd,1
2017,Intuition Publishing Limited,1
2017,Invention Investment Ireland,1
2017,Invesco Ltd.,1
2017,Ion Trading Ireland Ltd,2
2017,Ipsen Manufacturing Ireland Ltd,2
2017,Ipsos Limited,1
2017,Iq Pharmatek Limited,2
2017,Iquate Limited,1
2017,Ireland United States Commission For Educational Exchange,12
2017,Iretech Ict Solution Ltd,1
2017,Irish Asian Association,1
2017,Irish Auditing Accounting Supervisory Authority (Iaasa),1
2017,Irish Biofuels Production Ltd,1
2017,Irish Blood Transfusion Service,2
2017,Irish Breeze Ltd,1
2017,Irish Cancer Society,1
2017,Irish Clinical Oncology Research Group Ltd,1
2017,Irish Commercials (Sales) Ltd.,1
2017,Irish Country Meats (Sheepmeat) Ltd,5
2017,Irish Country Meats (Sheepmeat) Unlimited Company,2
2017,Irish Country Meats Navan,6
2017,Irish Distillers Limited,3
2017,Irish Equine Centre,1
2017,Irish Life Financial Services Ltd,2
2017,Irish National Stud Company Limited,1
2017,Irish Progressive Services International Ltd,3
2017,Irish Research Centre For Resource Efficiency,1
2017,Irish Rugby Football Union,18
2017,Irish Stock Exchange,1
2017,Irish Traditional Music Archive,1
2017,Irish Water,3
2017,Irving Oil Whitegate Refinery Limited,3
2017,Itw Ireland Unlimited Company,1
2017,Iveagh Fitness Limited,1
2017,J & E Davy T/A Davy Stockbrockers,3
2017,J And I Blake Marketing Limited,1
2017,J. Toner & Sons Ltd,1
2017,J.Duggan & Sons Limited,1
2017,J.P. Morgan Bank (Ireland) Plc,3
2017,Jackson Square Aviation Ireland Limited,1
2017,Jacobs Engineering Ireland Ltd,6
2017,Jaipur Ltd,2
2017,Jallal Catering Limited,2
2017,Jam Media Ltd,1
2017,"James ""Duke"" Bullard",1
2017,James Mcginn,1
2017,Jamuna Technologies Limited,1
2017,Janssen Pharmaceutical Sciences Unlimited Company,11
2017,Janssen Sciences Ireland Uc,3
2017,Jap Motor Factors Limited,1
2017,Jasmine Palace Restaurant Limited,1
2017,Jason'S Food Company Limited,1
2017,Jasres Ltd,1
2017,Java Republic Ltd T/A Java Republic Roasting Co.,1
2017,Jazz Pharmaceuticals Ireland Ltd,1
2017,Jb Indian Cuisine Limited,1
2017,Jcp Powdermill Care Centre Limited,4
2017,Jedward Catering Limited,1
2017,Jerh. O'Connor & Sons Limited,1
2017,Jet Engineering Technology Limited,5
2017,Jewelstar Designs Limited,1
2017,Jinxin Limited,1
2017,Jkp Nursing Home Ltd,2
2017,Jms International Holdings Ltd.,1
2017,John Colm Filan,1
2017,John Patrick Carlin,1
2017,John Sisk & Son (Holdings) Ltd,1
2017,Johnson & Johnson Vision Care,1
2017,Jones Lang Lasalle Limited,1
2017,Joriding Ltd,1
2017,Joseph Kenny & Sebastian Devlin,3
2017,Josephine Meow Yoong Kam,1
2017,Jti Ireland Ltd,4
2017,Junk Kouture,1
2017,Jv Communications Limited,1
2017,Jy Aviation Leasing Ireland Company Limited,3
2017,K And M Marketing Limited,1
2017,K Singh Limited,1
2017,K.M. Healthcare Enterprises Limited,4
2017,Kai Jin Limited,2
2017,Kaizen Recruitment Solutions Limited,1
2017,Kakatiya Limited,1
2017,Kam Chuen Hui,1
2017,Kam Hung Chan,1
2017,Kamozi Marketing Limited,2
2017,Kandahar Grocery Ltd,1
2017,Kaseya Ltd.,1
2017,Kaspersky Security Solutions Ireland Limited,1
2017,Kate Mcmahon & Associates,1
2017,Kathleen Berry,1
2017,Kax Media Limited,1
2017,Kay Mccarthy Communication Strategies Limited,1
2017,Kbc Bank Ireland Plc,1
2017,Kdb Ireland Dac,1
2017,Keah Piau Yeow,1
2017,Keelings Solutions Limited,1
2017,Keeper Technology Solutions Ltd,2
2017,Keith Gordon,1
2017,Kelfast Limited,6
2017,Kellogg Europe Trading Limited,7
2017,Kellton Tech Limited,1
2017,Kelly'S Mountain Brew Limited,1
2017,Ken Lam,1
2017,Kepak Athleague,3
2017,Kepak Clonee,15
2017,Kepak Cork,16
2017,Kepak Kilbeggan,3
2017,Kepak Longford,30
2017,Kerry Group Services International Limited,23
2017,Kerry Group Services Ltd,3
2017,Kerry Hotel Limited,1
2017,Kerten Unlimited Company,1
2017,Keshk Limited,2
2017,Keywords International Ltd,9
2017,Kia Motors (Uk) Ltd,1
2017,Kids Klubs Childcare Limited,1
2017,Kilbrew Recuperation & Nursing Care Ltd,4
2017,Kildare/West Wicklow Mental Health Services,2
2017,Killarney Brewing Company Limited,1
2017,Killucan Nursing Care Centre Ltd.,1
2017,Killure Bridge Nursing Home Ltd,2
2017,Killyglasson Ltd T/A Riverdale Nursing Home,1
2017,Kilminchy Lodge Nursing Home Limited,1
2017,Kilronan Castle Hotel Limited,1
2017,Kilrush District Hospital Ltd.,1
2017,Kin Khao Thai Athlone Limited,3
2017,Kinara Restaurant Ltd,4
2017,Kinesis Health Technologies Limited,1
2017,Kingsbridge Private Hospital Sligo Ltd,1
2017,Kingscourt Dental Practice Limited,1
2017,Kingston Lafferty Design Ltd,1
2017,Kinsealy Property Ltd,5
2017,Kinsealy Property Unlimited Company,12
2017,Kirby Group Engineering,2
2017,Klas Ltd,2
2017,Km Healthcare,3
2017,Kmap Limited,2
2017,Kmcs Limited,1
2017,Kn Network Services (Ire) Limited,1
2017,Kneat Solutions Ltd,1
2017,Kochava Ireland Limited,1
2017,Kollect On Demand Ltd.,1
2017,Kooomo Ltd,2
2017,Kostal Ireland Gmbh,1
2017,Kpmg,39
2017,Kroll Bond Rating Agency Europe Limited,1
2017,Ksk Enterprises Ltd.,2
2017,Kubs Basketball Club,1
2017,Kuehne & Nagel (Ireland) Limited,1
2017,Kylemore Nursing Home Ltd.,1
2017,Kyoto Asian Restaurant Limited,1
2017,Kyoung Hee Ltd,2
2017,L'Oreal (Uk) Limited,3
2017,Lackabane Stores Ltd T/A Centra Westland Row,1
2017,Lagoon Seafood And Fusion Pvt Ltd.,2
2017,Lakefield E Technologies Ltd,2
2017,Lakeview Retirement Home Ltd,2
2017,Lam Research (Ireland) Ltd.,4
2017,Lanathai Kitchen Limited,1
2017,Lancaster Lodge Ltd,1
2017,Landingzone Ltd,1
2017,Lane Clark And Peacock Ireland Limited,1
2017,Lantern Structured Asset Management Limited,1
2017,Laois/Offaly Mental Health Services,15
2017,Larchfield Park Nursing Home,5
2017,Lauja Limited,1
2017,Lawson House Nursing Home Ltd,5
2017,Lbcr Ltd,1
2017,Lcb Project Management Limited,1
2017,Leaders Enterprises Ltd,1
2017,Leagrey Ltd,2
2017,Leargas T.E.B,3
2017,Leaseplan Infrastructure Services Ltd,1
2017,Leighlinbridge Enterprises Ltd,1
2017,Lemon Tree Food Limited,1
2017,Leo Laboratories Ltd T/A Leo Pharma,1
2017,Leonard Engineering (Ballybay) Limited,1
2017,Letterkenny University Hospital,109
2017,Liam Lynch Quarries Ltd,1
2017,Liberty Information Technology Limited,7
2017,Liberty Insurance Limited,5
2017,Liebherr Container Cranes Ltd,1
2017,Lifestyle Sports (Ireland) Limited,1
2017,Liffey Developments (Dublin) Ltd,1
2017,Liffey Meats (Cavan) Ltd,5
2017,Liffey Meats (Cavan) Unlimited Company,10
2017,Liffey Meats Cavan,3
2017,Lighthouse Studios Limited,3
2017,Limerick City And County Council,1
2017,Lin Kee Limited,1
2017,Linkedin Ireland Unlimited Company,39
2017,Linnlee Limited,1
2017,Linrath Holdings Ltd T/A Therapie,1
2017,Lionbridge Global Sourcing Solutions Limited,2
2017,Lisheen Nursing Centre Ltd.,4
2017,Little Sisters Of The Poor,3
2017,Liu Yugang,1
2017,Lm Ericsson Limited,55
2017,Localeyes Ltd,8
2017,Lodgevale Ltd T/A An Chistin,1
2017,Logicalis Solutions Limited,1
2017,Logicalis Solutions Ltd,1
2017,Logitech Ireland Services Limited,10
2017,Logmein Ireland Limited,3
2017,Logograb Limited,1
2017,Lok Moon Chinese Restaurant,1
2017,Lone Star International Finance Limited,1
2017,Long Xue Buffet Limited,1
2017,Looker Data Sciences Ireland Limited,5
2017,Lorgan Technologies Limited,1
2017,Lorgan Technologies Ltd,1
2017,Lorraine Hayes,1
2017,Lotus Automation (Irl) Ltd,2
2017,Louise O'Brien,1
2017,Louth Meath Mental Health Services,18
2017,Loyalty2 Charity International Ltd,1
2017,Lsj Care Ltd,3
2017,Lucan Lodge Nursing Home Limited,1
2017,Lucidity Technologies Limited,1
2017,Lufthansa Technik Shannon Limited,6
2017,Lumion Ltd,1
2017,Luxcel Biosciences Ltd,1
2017,Lystoll Lodge Nursing Home Ltd,1
2017,M U Catering Ventures Limited,1
2017,M.J. Sheehan Limited,1
2017,Macnovate Limited,2
2017,Mafic Black Basalt (Ireland) Ltd,1
2017,Magellan Aviation Services Limited,1
2017,Magento Ireland Limited,1
2017,Magnet Networks Limited,1
2017,Maguire Architectural Services Limited,1
2017,Mahima Restaurant Ltd,1
2017,Mainstream Renewable Power Limited,2
2017,Mairead Harte,1
2017,Maison Danu Limited,1
2017,Maisonbeech Limited,2
2017,Malin Life Sciences Holdings Limited,1
2017,Mallinckrodt Pharmaceuticals Ireland Limited,6
2017,Mallow General Hospital,1
2017,Malvern House Ireland Limited,1
2017,Mamedisa International Limited,1
2017,Management & Construction Ltd,1
2017,Manakamana Trading Limited,1
2017,Manasik Tours Limited,1
2017,"Manley Construction Ltd.,",1
2017,Manpowergroup Ireland Limited,1
2017,Mapflow Limited,4
2017,Maple Court Nursing Home Ltd,1
2017,Maples Fiduciary Services (Ireland) Limited,1
2017,Marian House Holy Faith Convent,1
2017,Marin Software Ltd,1
2017,Mark Shannon,1
2017,Marketo Emea Ltd,2
2017,Marsh Mclennan Innovation Centre,2
2017,Martin Fernando Hernandez Gonzalez,1
2017,Mary Coyne,1
2017,Maryborough Nursing Home Limited,1
2017,Masala Restaurants Limited,1
2017,Mastercard Ireland Limited,1
2017,Matbuild Ltd,1
2017,Mater Misericordiae University Hospital,97
2017,Mater Private Cork Limited,4
2017,Mater Private Hospital,55
2017,Mater Vision Institute,1
2017,Matheson,1
2017,Mathew Puthuparampil Augustine & Arun Anthony,1
2017,Mathworks Limited,3
2017,Maxela Ltd,2
2017,Maxim Integrated Products International Limited,3
2017,Maynooth Lodge Nursing Home,1
2017,Maynooth University,1
2017,Mayo Mental Health Services,16
2017,Mayo University Hospital,104
2017,Mazars,9
2017,Mcafee Ireland Limited,8
2017,Mcap Europe Limited,1
2017,Mccann Fitzgerald,1
2017,Mcculla Ireland Ltd.,1
2017,Mcdermott Laboratories Limited,5
2017,Mcdonald International Ltd.,1
2017,Mcelwain Scaffolding Ltd,1
2017,Mcguire Project Management Limited,1
2017,Mcmahon Healthcare Ltd,2
2017,Mcmahon Healthcare Ltd.,2
2017,Md7 International (Telecommunications) Ltd,1
2017,Mediacom (Media Planning And Buying) Limited,1
2017,Mediavest Ltd,1
2017,Medical Banks Limited,1
2017,Mediolanum International Life (Dac),1
2017,Meghen Group Ltd,1
2017,"Mei Mei Lin, Duan Wen Gao",1
2017,Memjet Technology Limited,2
2017,"Mental Health Services, Cork And Kerry",11
2017,Mercer Ireland Ltd,2
2017,Merchandising Technologies Ireland Limited,1
2017,Merchandising Technologies Ireland Ltd.,2
2017,Merchants Arch Restaurants Company Limited,1
2017,Merck Millipore Ireland Ltd,1
2017,Mercury Food Distributors Ltd,2
2017,Mercy University Hospital,94
2017,Merit Medical Ireland Limited,2
2017,Merlin Park Hospital,1
2017,Merrion Cricket Club,1
2017,Merrion Fleet Management Limited,1
2017,Mertonfield Ltd,2
2017,Metal Processors Limited,1
2017,Metlab International Ltd,1
2017,Metlife Europe Services Limited,1
2017,Metlife Innovation Centre Limited,1
2017,Metlife Services Eeig,4
2017,Mezzo Music Academy Ltd,1
2017,Miao Tian,1
2017,Microsemi Ireland Trading Unlimited Company,1
2017,Microsoft Ireland Operations Limited,105
2017,Microsoft Ireland Research,19
2017,Microsynbiotix Ltd,1
2017,Mid West Mental Health Services,3
2017,Midland Regional Hospital At Tullamore,47
2017,Midland Regional Hospital Portlaoise,40
2017,Midlands Regional Hospital Tullamore,1
2017,Milestone Automated Solutions Ltd,4
2017,Milestone Integration Services Ltd,2
2017,Mill Race Nursing Home Ltd,8
2017,Millbrae Lodge Nursing Home Ltd,6
2017,Miller Bros Development Co. Ltd.,1
2017,Milliman Ltd,1
2017,Millward Brown Ireland Limited,1
2017,Ming Court Limited,1
2017,Ming Court Ltd. (T/A Ming Court),2
2017,Minicorp Limited,1
2017,Misean Cara,1
2017,Mitchell Mcdermott Construction Consultants,1
2017,Mms Multi Euro Services Dac,1
2017,Mobile Travel Technologies Limited,1
2017,Model Works Ltd,2
2017,Modular Automation Ireland Ltd,1
2017,Mohammad Omar Faruq Fahat,1
2017,Mohn Dip Lam,1
2017,Monaghan Mushrooms Ireland,1
2017,Mongodb Limited,3
2017,Monsoon Software Consulting (Ireland) Ltd,1
2017,Mooncoin Rcc Limited,7
2017,Moore Environmental Ltd.,1
2017,Moorefilm Ltd,1
2017,Moorehall Healthcare Limited,8
2017,Mooretown Farm Ltd,1
2017,Moovmor Engineering Ltd,1
2017,Morton & Morton Media Ltd,1
2017,Mortondale Limited,1
2017,Motech Electronic Devices Limited,1
2017,Mott Macdonald Ireland Ltd,1
2017,Moudubi Investments Ltd,1
2017,Mount Carmel Medical Group (Kilkenny) Ltd,1
2017,Mount Carmel Nursing Home,2
2017,Mount Hybla Nursing Home Limited,4
2017,Mount Hylba Nursing Home Limited,2
2017,Mount Tabor Designated Activity Company,1
2017,Mount Wolseley Hospitality Ltd,1
2017,Mount Wolseley Hotel Golf And Country Club,1
2017,Mowlam Healthcare Services,67
2017,Moyglare Nursing Home,3
2017,Mp & E,1
2017,Mpm Nursing Home Ltd,1
2017,Mr James Chua,1
2017,Mr. Cheng Yee Chong,2
2017,Mr. Christopher O'Rourke,1
2017,Mr. Harish Rangroo,1
2017,Mr. Noodles Limited,1
2017,Ms Cecilia Fratantoni Galli,1
2017,Ms Haslila Kutip,1
2017,Ms Singh Catering Limited,1
2017,Ms. Luu Nu Hong Tram,1
2017,Msd International Gmbh - Irish Branch,14
2017,Msd Shared Business Services Emea Ltd,1
2017,Mufg Fund Services (Ireland) Limited,2
2017,Mufg Fund Services (Ireland) Ltd.,1
2017,Mulabee Ltd,2
2017,Mulligans Of Sandymount Ltd.,1
2017,Mullinahinch House Private Nursing Home Limited,2
2017,Mullingar Regional Hospital,63
2017,Mulryan Construction Ltd,3
2017,Mundo Developement For Studenti Ltd,1
2017,Munich Automation Solutions Limited,1
2017,Munich Re Automation Solutions Limited,1
2017,Murex Advanced Technologies Ltd,1
2017,Murlyn Accountants Limited,1
2017,Murray Design & Engineering Ltd,2
2017,Musgrave Operating Partners Ireland,1
2017,Musgrave Retail Partners (Ireland) Limited,2
2017,Music Rooms Cork Limited,1
2017,Mv Nursing Ltd,1
2017,Mw Books Ltd.,1
2017,Mysafedrive Limited,1
2017,Mystical Rose Limited,2
2017,N3 Results Ireland Limited,3
2017,Naas General Hospital,58
2017,National Maternity Hospital,17
2017,National Pen Promotional Products Ltd,61
2017,National Rehabilitation Hospital,3
2017,National Screening Service,1
2017,National Spiritual Assembly Of The Bahá’Ís Of Ireland,1
2017,National Standards Authority Of Ireland,1
2017,"National University Of Ireland, Galway",6
2017,Nature'S Gift Ltd.,1
2017,Natus Manufacturing Limited,2
2017,Nautilus Controls Limited,3
2017,Nazareth House Nursing Home,3
2017,Nbc Global Finance,3
2017,Nbc Global Finance Limited,1
2017,Ncbi,1
2017,Net Affinity Ltd,1
2017,Net Ministries Of Ireland Ltd,1
2017,Net Traffic Ltd.,1
2017,Neuromod Devices Limited,1
2017,Neuvt Limited,1
2017,Neville Hotels Unlimited Company,1
2017,New Good Year Chinese & Thai Restaurant,1
2017,New Mandarin Castle Restaurant (Castleknock) Limited,1
2017,Newcastle Hospital,1
2017,Newcastlewest Nursing Home Ltd,3
2017,Newmarket Nursing Home Ltd,1
2017,Neworld Associates Ltd,1
2017,Newpark Care Centre Ltd,1
2017,Newstead Dsom Ltd,1
2017,Nginx International Ltd,3
2017,Niche Hotels Ltd,1
2017,Nigel Finn Engineering Ltd,1
2017,Niit (Ireland) Limited,1
2017,Niit Technologies,1
2017,Nikon Precision Europe Gmbh,3
2017,Nitro Software Emea Limited,2
2017,Noel Recruitment Ire Ltd,1
2017,Nokia Solutions And Networks Ireland Limited,7
2017,Nomura Research Institute Limited,1
2017,North Dublin Mental Health Services,14
2017,North Lee Mental Health Services,20
2017,Northern Trust Management Services (Ireland) Ltd,21
2017,Norty Ltd,1
2017,Norwood Nursing Home Ltd,4
2017,Novartis International Pharmaceuticals Ltd,1
2017,Novartis Ireland Limited,9
2017,Novartis Ringaskiddy Ltd,2
2017,Novus Technical Services Limited,1
2017,Novus Via Limited,1
2017,Nsk Healthcare Ltd.,2
2017,Nsus Limited,2
2017,Ntt Data Services Ireland Limited,30
2017,Nuala Woulfe Beauty Salon Ltd.,1
2017,Nucare Co. Ltd,2
2017,Nuodb Ireland Limited,1
2017,Nuritas Ltd,2
2017,Nutricia Infant Nutrition Ltd,3
2017,Nypro Ltd.,2
2017,Nz Accountant,1
2017,O'Brien Lynam Solicitors,1
2017,O'Connor Sutton Cronin Associates Limited,2
2017,O'Donovan Transport (Cork) Ltd,1
2017,O'Flynn Meats Gracedieu Unlimited,1
2017,O'Neill Amárach Consultants Limited,1
2017,O'Neill Industrial Sales Limited,1
2017,O'Reilly Bros Ltd,1
2017,O.N.G. Automation Limited,2
2017,Oakdale Nursing Home Ltd,2
2017,Oaklands Nursing Homes Ltd.,1
2017,Oakwood Private Nursing Home,2
2017,Oakwood Private Nursing Home Limited,2
2017,Oasis Global Management Company (Irl) Ltd,1
2017,Oath (Emea) Limited,2
2017,Oath Technologies (Ireland) Limited,1
2017,Oba Consulting Engineers Limited,1
2017,Ocean Court Chinese Takeaway Limited,1
2017,Ocrex Limited,1
2017,Ocs One Complete Solution Ltd,1
2017,Odin Consultants Ltd,1
2017,Office It Ltd,1
2017,Office Of The Ombudsman,1
2017,Ogalas Ltd,1
2017,Ohl Ireland Construction And Engineering Limited,2
2017,Oliver Carty Ltd,1
2017,Omega Nursing Home Ltd,1
2017,Omnipay Ltd,2
2017,On Semiconductor Ireland Research & Design Ltd,5
2017,One Big Switch,1
2017,Oneview Ltd.,6
2017,Ong Automation Ltd,1
2017,Ontario Recruitment Limited,2
2017,Oonagh Whyte,1
2017,Open Hydro Technology Limited,1
2017,Open Sky Data Systems Ltd,1
2017,Open Text Ireland Limited,2
2017,Openet Telecom Sales Ltd,7
2017,Opening Hr Limited,1
2017,Openjaw Technologies Ltd,5
2017,Optel Vision Limited,1
2017,Optum Global Solutions (Ireland) Limited,14
2017,Optum Services (Ireland) Limited,36
2017,Oracle Emea Limited,12
2017,Oracle Financial Services Software Bv,1
2017,Orbis Labsystems Ltd.,3
2017,Orbsen Therapeutics Ltd.,1
2017,Orh Marketing Ltd,1
2017,Oriflame Research & Development Limited,1
2017,Orix Aviation Systems Limited,6
2017,Orkcalb Limited,4
2017,Orlego Limited,1
2017,Ornua Co-Operative Ltd,1
2017,Orwell House Limited,20
2017,Oths (Pvt) Limited,1
2017,Ougham House Ltd T/A Baileys Nursing Home,2
2017,Our Lady Of Consolation Nursing Home Ltd,2
2017,Our Lady Of Consolation Nursing Home Ltd .,1
2017,Our Lady Of Lourdes Hospital,144
2017,Our Lady'S Children'S Hospital,16
2017,"Our Lady'S Children'S Hospital, Crumlin",51
2017,Our Lady'S Childrens Hospital Crumlin,14
2017,Our Lady'S Hospice,1
2017,Our Lady'S Hospital Navan,44
2017,Ove Arup & Partners Ireland,5
2017,Ove Arup Partners Ireland Ltd,2
2017,"Over-C Technology, Ltd.",1
2017,Owens Minor Ireland,1
2017,P & J Security Services Ltd,1
2017,P Mulrine And Sons (Sales),1
2017,P.J. Bonner Company,1
2017,Pac Studio Limited,1
2017,Paciv Europe Ltd,5
2017,Paddy Anne & Brian Fahey,2
2017,Pagefair Limited,1
2017,Pallas Foods,3
2017,Panalpina World Transport Ltd,1
2017,Panj Ratan Limited,2
2017,Papa Rich Street Food Kitchen Ltd,1
2017,Paradigm Plastics Limited,1
2017,Paragon 28 Medical Devices Trading Limited,1
2017,Parc Aviation Limited,2
2017,Parexel International (Irl) Limited,1
2017,Parke House Nursing Home Ltd,3
2017,Paru Catering Limited,1
2017,Pat Hickey Wall Floor Specialist Ltd,1
2017,Pat Tattan,1
2017,Patrick Carroll Consulting Ltd,1
2017,Patsy O'Keeffe,1
2017,Pattaya Chinese Restaurant Ltd,1
2017,Paul Corrigan & Associates Ltd,1
2017,Pay And Shop Ltd,3
2017,Paypal Europe Services Ltd,6
2017,Pdas Ltd,2
2017,Peak Learning Ltd,2
2017,Peamount Healthcare,3
2017,Pearl Dental Limited,1
2017,Pem Automation Ltd,1
2017,Pembroke Capital Ltd,1
2017,Pembroke Cricket Club,1
2017,Peninsula Petroleum Limited,2
2017,Penny Medical Limited,1
2017,Penston Mep Consulting Ltd.,1
2017,Percona Limited,1
2017,Perennial Freight Unlimited Company,16
2017,Performansc Supply Chain Limited,1
2017,Peri'Os Ireland Limited,1
2017,Permanent Tsb Plc,5
2017,Perrigo Pharma International D.A.C.,2
2017,Perseus Telecom Limited,1
2017,Persian Properties Limited T/A O'Callaghan Hotels,1
2017,Pestle And Mortar Ltd,1
2017,Petra Fast Foods Limited,1
2017,Pexlify Limited,1
2017,Pfh Technology Group,1
2017,Pfizer Ireland Pharmaceuticals,2
2017,Pfizer Services Company Ireland,1
2017,Pfizer Shared Services,2
2017,Pgm Ireland Ltd T/A Pgm Ballscrews (Ireland) Ltd,1
2017,Pharmaconex Limited,1
2017,Philos It Limited,1
2017,Phoenix Cricket Club(Phoenix Pk),1
2017,Phone Watch Ltd,1
2017,Pilgrims Rest Nursing Home,2
2017,Pilz Ireland Industrial Automation,4
2017,Pilz Ireland Industrial Automation (Distribution),1
2017,Pioneer Investment Management Limited (Pioneer),2
2017,Pivotal Software International,11
2017,Pixel Ink Limited,1
2017,Pj Brennan & Co. Ltd,1
2017,Planet Labs Limited,2
2017,Planitas Airline Systems Limited,1
2017,Plannet 21 Communications Ltd,2
2017,Plannet21 Communications Limited,2
2017,Plastic Fittings Accessories Ltd.,1
2017,Playground Music Ltd,1
2017,Plc Ingredients Limited,1
2017,Plc Ingredients Ltd,1
2017,Plr Worldwide Sales Limited,9
2017,Pobal Ltd,1
2017,Polish School Of English Ltd,1
2017,Polway Ltd.,1
2017,Pomo Search Limited,3
2017,Portiuncula University Hospital,53
2017,Portrane Hockey Club,1
2017,Positive Equity Limited,1
2017,Posturepros Limited,1
2017,Power Leisure Bookmakers Limited,6
2017,Power Solutions Dtd Limited,1
2017,Ppd Development Ireland Limited,3
2017,Pramerica Systems Ireland Limited,36
2017,Pramerica Systems Ireland Ltd,36
2017,Precia Molen Ireland Ltd,1
2017,Premier Recruitment (International),2
2017,Premium Power Limited,1
2017,Premium Power Ltd.,1
2017,Presentation Convent Shalom,1
2017,Pressco Ltd,1
2017,Pressreader International Limited,1
2017,Prestige Nails Limited,1
2017,Prestige Venture Limited,1
2017,Pricewaterhouse Coopers (Spencer Dock),63
2017,Primark T/A Penny'S,1
2017,Prime Marketing Limited,1
2017,Prime Steak Ltd,3
2017,Principal Construction Ltd,1
2017,Prochem Engineering Ltd,1
2017,Prodata Business Systems Limited,1
2017,Productfitter Limited,1
2017,Professional Granite Consulting Ltd.,1
2017,Project Management Limited,3
2017,Project Management Ltd.,3
2017,Prometric Ireland Limited,1
2017,Propylon Limited,5
2017,Propylon Ltd,1
2017,Prospectus Ltd,1
2017,Prothena Biosciences Limited,1
2017,Provident Crm Ltd,3
2017,Prudential International Management Service Ltd,2
2017,Psc Biotech Limited,6
2017,Ptc (Ssi) Designated Activity Company,5
2017,Pulselearning Limited,1
2017,Pure Storage International Ltd,1
2017,Pyramid Hotel Limited,2
2017,Qms Software Ltd,1
2017,Qt Technologies Ireland Ltd,18
2017,Quality Education Development Limited,1
2017,Quantcast International Limited,1
2017,Quaternion Risk Management Ltd,1
2017,Queen Of Peace Nursing Home,2
2017,Quest Computing Ltd.,1
2017,Qureshi Mahra Ventures Limited,1
2017,R & Aarna Catering Ltd.,1
2017,R R Aarti Catering Ltd,2
2017,Radio Telefis Eireann,1
2017,Radius Office Ltd,1
2017,Radius Technologies Ltd,2
2017,Raheny House Nursing Home Ltd,1
2017,Railway Union Cricket Club,1
2017,Randox Teoranta,3
2017,Rapid Ratings Ireland Limited,1
2017,Rapid7 Ireland Ltd,1
2017,Raptor Engineering Solutions Ltd.,1
2017,Rasoi Limited,1
2017,Rathkell Trading Co Limited,1
2017,Rathsheen Investments Limited,1
2017,Rational Ft Services Ireland Limited,1
2017,Raw Condition Ltd,1
2017,Ray Mcmanus & Associates Limited,1
2017,Rbc Investor Services Bank Sa (Dublin Branch),1
2017,Rbc Investor Services Ireland Ltd,1
2017,Rcc Care Ltd,1
2017,Rci Banque Societe Anonyme,1
2017,Rcsi Hse Dublin North East Gp Training Scheme,1
2017,Reach Out Ireland Limited,1
2017,Realta Soft Limited,2
2017,Recommender X Dac,1
2017,Recommenderx Dac,3
2017,Red C Reserach & Marketing Limited,2
2017,Red Fundraising Limited,1
2017,Red Hat Limited,1
2017,Red Pen E-Learning Solutions,1
2017,Red Torch Ginger Thai Restaurant,1
2017,Redfaire Limited,1
2017,Redpoint Resolutions Europe Limited,1
2017,Redzinc Services Limited,1
2017,Regeneron Ireland,4
2017,Regent Chinese Restaurant Limited,1
2017,Regina Daly,1
2017,Rehab Group,1
2017,Remondini Machado Tourism Ltd,1
2017,Renewable Power Generation Ltd,2
2017,Reprographic Systems Ltd.,1
2017,Resham Kandel,1
2017,Residential Utility Management Limited,1
2017,Resmed Sensor Technologies,2
2017,Resourcekraft Ltd,1
2017,Retail In Motion Ltd,5
2017,Retronix Semiconductor Ltd,4
2017,Reunion Chinese Restaurant Ltd.,2
2017,Rgj Catering Limited,1
2017,Richard Brabazon,1
2017,Richard Dunworth,1
2017,"Richard Nash And Co Ltd T/A Nash Wines, Nash'S Mineral Waters",1
2017,Richy Virahsawmy,1
2017,Rio Rodizio Limited,1
2017,Riot Games Limited,2
2017,Ripple Communications Ltd,1
2017,Rising Investment Ltd,1
2017,Riverside Care Centre Ltd T/A Riverside Nursing Home,1
2017,Rivervale Nursing Home Ltd,1
2017,Robotics And Control Ltd.,1
2017,Roche Products (Ireland) Ltd,2
2017,Rockall Technologies Limited,1
2017,Rockshire Care Centre & Maypark House Limited,1
2017,Rockwell Construction Ltd,1
2017,Rogerson Reddan Associates Ltd,1
2017,Romero Games Limited,1
2017,Ronnach Teoranta,2
2017,Roomex Limited,1
2017,Rope Walk Car Park Ltd,1
2017,Roscommon China Palace Ltd,1
2017,Roscommon University Hospital,13
2017,Rosderra Irish Meats,1
2017,Rosenalee Care Centre Ltd.,2
2017,Roseville Nursing Home Ltd,3
2017,Rossclare Nursing Home Limited,3
2017,Rothco Uc,3
2017,Rotmch Limited,1
2017,Rotunda Hospital,5
2017,Roughan And O'Donovan,1
2017,Royal College Of Surgeons In Ireland,9
2017,Royal Hotel Glendalough Limited,1
2017,Royal Irish Academy Of Music,1
2017,Royal Victoria Eye Ear Hospital,3
2017,Rsd Catering Limited,1
2017,Rui City Limited,3
2017,Rush Oil Service Station Ltd,2
2017,Rushmore Nursing Home Ltd,3
2017,Ryan Hanley Limited,1
2017,Ryanair Labs Limited,7
2017,Ryans Investments Ltd T/A Hertz Rent A Car,1
2017,S & H Quality Foods Ltd,1
2017,Saadian Technologies Ltd,1
2017,Sabatino Ltd,13
2017,Sabeo Contracting Services Limited,1
2017,Sacre Coeur Nursing Home Limited,2
2017,Sacred Heart Nursing Home Ltd,4
2017,Sadlers And Sadlers Limited,1
2017,Sage Hibernia Ltd,1
2017,Sage Technologies Ltd,11
2017,Sai Automations Inc. Limited,1
2017,Sai Kripa Foods Limited,2
2017,Saint John Of God Community Mental Health Services,2
2017,Saint-Gobain Construction Oproducts (Irl) Ltd,2
2017,Saivikasdal Ltd.,2
2017,Sajan Software Ltd,1
2017,Samata Ltd,1
2017,Sammon Contracting Limited,2
2017,San Remo Private Nursing & Convalescent Home Ltd.,2
2017,Sandcreek Ltd T/A Woodlands House Nursing Home,1
2017,Sandpark Kilkee Ltd,1
2017,Sandvik Mining & Construction Logistics Limited,1
2017,Sanlam Asset Management (Ireland) Ltd,1
2017,Sap Service And Support Centre (Ireland) Limited,82
2017,Sasa Flowers Limited,1
2017,Saville Beverage Management Limited,1
2017,Savos Ltd,1
2017,Sb Leasing Ireland Limited,1
2017,Sba Architectural Services Ltd,1
2017,Sblm Architects Ireland Ltd,1
2017,Scannell Solutions Limited,1
2017,Scfi Limited,1
2017,Schenker (Ireland) Ltd,1
2017,Schivo Medical Limited,1
2017,Schubert Consulting Ltd,1
2017,Science Gallery International Clg,1
2017,Scopely Inc,1
2017,Scotiabank (Ireland) Dac,1
2017,Screen Scene Ltd,2
2017,Scurri Web Services Ltd,1
2017,Sdcl Ee Co (Ireland) Limited,1
2017,Se2 Information Services Ireland Ltd,1
2017,Seabrook Research Limited,2
2017,Sean & Marco Magnetti T/A Trattoria,1
2017,Sean Mac Suibhne,1
2017,Seats Software Limited,1
2017,Securway At Risk Security Group Ltd,1
2017,Seda (Skills And Enterprise Development Academy) Ltd,2
2017,Segment Technologies Ireland Limited,3
2017,Sepam Specialist Limited,4
2017,Servisource Healthcare Ltd,8
2017,Seven Till Late Ltd,2
2017,Sfdc Ireland Ltd,11
2017,Sgnh Ltd,2
2017,Sgs Ireland,1
2017,"Shandon Travel Ltd., Sayit Travel,",1
2017,Shane Geraghty,1
2017,Shanid Ltd,1
2017,Shannagh Bay Healthcare Ltd,4
2017,Shannon Precision Engineering Ltd,1
2017,Shannore Ltd,2
2017,Shannore Ltd T/A Corpus Christi Nursing Home,1
2017,Shareridge Ltd,1
2017,Sharq Localize Limited,1
2017,Shaw Academy Limited,1
2017,Shay Brennan T/A Lourdesville Nursing Home,3
2017,Shazly & Son Ltd,1
2017,Sheelin Nursing Home Ltd,4
2017,Shellfish De La Mer Ltd.,1
2017,Shijo Bhaskaran,1
2017,Shine Analytics Ltd,1
2017,Shire Pharmaceuticals Ireland Limited,6
2017,Sidero Ltd,7
2017,Sigmoid Pharma (Tullamore) Limited,1
2017,Silicon And Software Systems Ltd.,1
2017,Silverarm Solutions (Ire) Limited,1
2017,Silvercloud Health Limited,1
2017,Silvergrove Nursing Home Limited,2
2017,Silverskin Coffee Roasters Ltd,1
2017,Silverstream Healthcare,4
2017,Sim Travel Limited,1
2017,Simply Dynamics Limited,3
2017,Simpson'S Hospital,2
2017,Simro Ltd,1
2017,Sindice Limited,3
2017,Sino-Eu Union International (Irl Trading Ltd.),2
2017,Siri Indian Cuisine Limited,1
2017,Sisters Of St. Paul Of Chartres,1
2017,Sixmilebridge & Dist Com Complex Soc Ltd,1
2017,Sjv Creative Entertainments Limited,1
2017,Sk Biotech Ireland Limited,6
2017,Skibbereen Residential Care Ltd,2
2017,Sky Aviation Leasing International Ltd,1
2017,Sky Handling Partner Ltd,1
2017,Sl Controls Ltd,1
2017,Slack Technologies Limited,1
2017,Slaney Foods International Unlimited Company,10
2017,Sleepless Server Solutions Limited,1
2017,Sligo Leitrim Mental Health Service,1
2017,Sligo Leitrim Mental Health Services,9
2017,Sligo University Hospital,93
2017,Small World Consulting Ltd,1
2017,Smart Points Ltd,1
2017,Smartbear (Ireland) Limited,1
2017,Smartbox Group Limited,21
2017,Smartflow Compliance Solutions Ltd,1
2017,Smbc Aviation Capital Limited,3
2017,Smbc Aviation Capital Ltd.,2
2017,Smithkline Beecham (Cork) Ltd T/A Glaxosmithkline,1
2017,Smithstown Light Engineering Ltd,3
2017,Smt Fund Services (Ireland) Limited,7
2017,Snap-On Equipment Europe Limited,2
2017,Snipp Interactive Limited,2
2017,Soapbox Labs,1
2017,Soba Asian Street Food Limited,1
2017,Social Quantum Ireland Limited,1
2017,Societe Generale S.A.,1
2017,Society Of Saint Vincent De Paul,1
2017,"Société Générale Securities Services, Sgss (Ireland) Limited",6
2017,Softest Automation Solutions Limited,1
2017,Software Design Ltd,1
2017,Solanotech Ltd,2
2017,Solarwinds Software Europe Limited,1
2017,Somex Automation Teoranta,1
2017,Sonas Asset Holding Ltd,3
2017,Sonas Nursing Homes Management Co Limited,11
2017,Sonic Ladder Ltd,1
2017,Sonicwall International Limited,1
2017,Sonoma Valley Ltd T/A Gsls,1
2017,Sonru Limited,1
2017,Soo Nam Tai,1
2017,Soon Lee Limited,1
2017,Source & Supply Logistics Ltd,1
2017,Source Civil Ltd,1
2017,South Infirmary Victoria University Hospital,16
2017,South Tipperary General Hospital,98
2017,South Tipperary Mental Health Services,7
2017,Southgate Dental Limited,1
2017,Spanish Point Technologies Ltd,1
2017,Sparantus,1
2017,Sparantus Ltd,8
2017,Specsavers Opticians,1
2017,Spectrum Health Limited,2
2017,"Spencer Stuart International Ireland, Limited",2
2017,Spice Avenue Limited,3
2017,Spice India Caterer'S Limited,1
2017,Springfort Health Care Limited,3
2017,Springshot International Limited,1
2017,Springwood Nursing Homes Limited,1
2017,Sqs Software Quality Systems (Ireland) Ltd,10
2017,Squarespace Ireland Limited,1
2017,Srcw Limited,5
2017,Ss&C Financial Services (Ireland) Limited,1
2017,Ssp Ireland Limited,1
2017,St Camillus Nursing Centre,1
2017,St Catherine'S Nursing Home Ltd,1
2017,St Eunan'S Nursing & Convalescent Home Ltd,4
2017,St Joseph'S News Agency Ltd,1
2017,St Joseph'S Nursing Home Ltd,1
2017,St Monica'S Nursing Home,2
2017,St Patrick'S Mental Health Services,5
2017,St Pauls Nursing Home Limited,1
2017,St Vincents Healthcare Group,2
2017,St. Attractas Nursing Home,6
2017,St. Columcille'S Hospital,2
2017,St. Columcilles'S Hospital,6
2017,St. Finbarr'S Hospital,2
2017,St. James Hospital,115
2017,St. James Hospital Board,10
2017,St. James'S Hospital,35
2017,St. John Of God Hospital,5
2017,St. John'S Hospital,6
2017,St. John'S House Of Rest,1
2017,St. Joseph'S Nursing Home Ltd.,1
2017,St. Joseph'S Psychiatric Hospital,2
2017,St. Loman'S Hospital,5
2017,St. Luke'S Hospital,3
2017,St. Lukes Hospital,57
2017,St. Lukes Hospital Kilkenny,20
2017,St. Mary'S Home,1
2017,St. Mary'S Hospital,10
2017,St. Mary'S Nursing Home Ltd,3
2017,St. Michaels Hospital,7
2017,St. Patrick'S Hospital,2
2017,St. Vincent'S Basketball Club,1
2017,St. Vincent'S Healthcare Group,142
2017,Stanford Woods Care Centre Limited,7
2017,"Stanmoy Ltd., Choices Restaurant",1
2017,Stanwood Medical Services Ltd,2
2017,Starwood Reservations Corporation,4
2017,State Street Global Advisors Ireland,2
2017,State Street International (Ireland) Limited,1
2017,Statisticamedica Ltd,1
2017,Stats Sports Data Technology Ireland Limited,1
2017,Statwolf Limited,1
2017,Staycity Limited,1
2017,Stelfox Limited,6
2017,Stella And Jenny Company Ltd T/A Victoria Cuisine Ltd,1
2017,Storey Broe Nursing Services,1
2017,Storey Broe Nursing Services Ltd,1
2017,Storey Broe Nursing Services Ltd.,6
2017,Storm Technology Ltd.,4
2017,Storyful Limited,1
2017,Storyful Ltd,1
2017,Stripe Payments Europe Limited,1
2017,Stryker Ireland Limited,2
2017,Student Apparel Limited,1
2017,Sturdy Products Limited,1
2017,Subrosa Ltd,2
2017,Subway Halal Foods Limited,1
2017,Sugar Loaf Ventures Ltd,1
2017,Sumitomo Mitsui Finance And Leasing Company,3
2017,Summerville Healthcare Limited,1
2017,Sun Hing Restaurant Ltd T/A Kambo Oriental Restaurant,1
2017,Sun Life Information Services Ireland Limited,3
2017,Sun Life Information Services Ireland Ltd,2
2017,Sunglass Hut Ireland Ltd,1
2017,Supervalu (Cunninghams) T/A Dictamin Ltd,1
2017,Surecom Network Solutions,1
2017,Sureskills Limited,1
2017,Surveymonkey Europe Unlimited Company,2
2017,Susquehanna International Group Limited,9
2017,Susquehanna International Securities Limited,1
2017,Sweet And Spicy Food House Limited,1
2017,Sweet Fragrant Chilli Company Ltd T/A Adelphi Jade Restaurant,1
2017,Sweet Spicy Foods House Limited,1
2017,Swiftcomply Topco Limited,1
2017,Swim Academy East Limited,1
2017,Swords Laboratories,16
2017,Swords Specsavers Ltd,1
2017,Symantec Limited,3
2017,Symantec Ltd.,2
2017,Synchronoss Software Ireland Limited,5
2017,Syncreon Ireland,3
2017,Synecco Ltd,1
2017,Synopsys International Ltd,1
2017,Sysco Ltd,1
2017,Systra Ltd,1
2017,Sysxnet Ltd,3
2017,T J Cuisine Limited,1
2017,T J Cuisine Limited T/A Bbq Restaurant,1
2017,T. Butler Engineering Ltd,2
2017,Tadka House Ltd,3
2017,Take N Taste Foods Limited,1
2017,Takeda Ireland Limited,3
2017,Tamaki Control Ireland Limited,1
2017,Tango Telecom Ltd,1
2017,Tanjores Restaurant Limited,1
2017,Tansey Transport Ltd,2
2017,Tara International Education Services Limited,1
2017,Tara Winthrop Ltd.,18
2017,Target Mcconnells Ltd,1
2017,Tata Consultancy Services Limited,4
2017,Tata Elxsi Limited,5
2017,Tcoag Ireland Ltd,1
2017,Tds - Time Data Security Ltd,2
2017,Tearmainn Bhrìde Nursing Home,2
2017,Tech Mahindra Business Services Limited,2
2017,Tech Mahindra Limited,39
2017,Techireland Analytics And Data Solutions Company Limited By Guarantee,1
2017,Teck Leong Chong,1
2017,Teckro Limited,6
2017,Tekenable Ltd,1
2017,Tekka Catering,1
2017,Telclic Limited,1
2017,Teleflex Medical Europe Ltd,1
2017,Telemed Technology Limited,3
2017,Telfourth Limited,2
2017,Telnyx Ireland Limited,4
2017,Temple Inns Limited,1
2017,Temple Street Children'S University Hospital,24
2017,Templemichael Nursing Home Ltd,2
2017,Tenable Network Security Ireland Limited,6
2017,Teneo Psg Ltd.,1
2017,Teradata Ireland Ltd,1
2017,Terenure Sports Club,1
2017,Terraforma Limited,1
2017,Terranua Ltd,1
2017,Tesla Motors Ireland Limited,1
2017,Test Triangle Limited,15
2017,Textos Translations Limited,1
2017,Texuna Technologies Limited,2
2017,The Barretstown Gang Camp Fund Limited,7
2017,The Botany Weaving Mill Ltd,1
2017,The Cappagh National Orthopaedic Hospital Limited,3
2017,The Cartoon Saloon Ltd,1
2017,The Concentrate Manufacturing Company Of Ireland,16
2017,The Coombe Lying In Hospital,20
2017,The Curly Kale Cafe Ltd.,1
2017,The Eagle King Ltd,1
2017,The Frances Taylor Foundation Chapelizod Ltd,2
2017,The Freebird Club Ltd,1
2017,The Health Products Regulatory Authority (Hpra),1
2017,The Hills Cricket Club,1
2017,The Holy Grail Bar And Restaurant Ltd.,1
2017,The Holy Grail Restaurant,1
2017,The Impacter Development Centre Limited,1
2017,The Irish Cricket Union Company Limited By Guarantee,2
2017,The Japan Foundation,1
2017,The Lantern House Group Ltd,2
2017,The Links Creche & Montessori,1
2017,The Merrion Hotel,1
2017,The Modern Pentathlon Association Of Ireland,1
2017,The National Ballet Of Ireland,2
2017,The National Children’S Research Centre,1
2017,The Piranha Bar Ltd,1
2017,The Rising Phoenix Limited,1
2017,The Rotunda Foundation,1
2017,The Rotunda Hospital,24
2017,The Ryevale Nursing Home Ltd,4
2017,The Salvation Army,1
2017,The Shanty Educational Project Limited,1
2017,The Sims Clinic,2
2017,The Tipperary Kitchen,1
2017,The Ultrasound Suite Ltd,1
2017,Thimba Media Limited,2
2017,Thinkhouse Ltd,1
2017,Thomas O'Keeffe (Kilcock) Ltd,1
2017,Thomond Lodge Nursing Home,3
2017,Thornmont Limited,1
2017,Threatscape Limited,1
2017,Three Ireland (Hutchison) Limited,4
2017,Three Rock Rovers Hockey Club,1
2017,Thriftify,1
2017,Tifco Ltd,2
2017,Time N Tax Ltd,1
2017,Timothy Harrington,5
2017,Tinnypark Residential Care Ltd,5
2017,Tlc Health Services Ltd,38
2017,Tli Group Limited,1
2017,Toco Welding Ltd,2
2017,Tokyo Electron Europe Limited - Irish Branch,1
2017,Tom O'Brien Construction Ltd,1
2017,Tom Phillips And Associates Limited,1
2017,Tony And Teresa Whyte,2
2017,Top In Town Foods Ltd,1
2017,Top Security Limited,1
2017,Topridge Pharma (Ireland) Limited,1
2017,Torriam Hotel Operating Company Limited,1
2017,Torry Harris Business Solutions (Europe) Limited,2
2017,Touch Press (Ireland) Limited,1
2017,Towercom Limited,1
2017,Towers Watson (Ireland) Limited,1
2017,Tqs Integration Ltd,2
2017,Tr3Dent Limited,1
2017,Tradeplayer Limited,3
2017,Traditional Meat Company Ireland,7
2017,Tralee Warriors Company Limited By Guarantee,1
2017,Transitions Optical Limited,5
2017,Transperfect Translations Ltd,1
2017,Transport Insights Limited,1
2017,Travelport Digital Limited,10
2017,Trench Control Ltd,1
2017,Trends Hair & Beauty Chinese Massage Ltd,1
2017,Tricel (Killarney),2
2017,Trilogy Technologies Ltd,1
2017,Trimble Railway Limited,3
2017,Trimurti Enterprises Ltd,1
2017,Trinity Biotech Manufacturing Ltd,1
2017,Tripadvisor Ireland Limited,2
2017,Tritan Software International Limited,2
2017,Troys Abattoir Limited,6
2017,Tullow Oil Ltd,2
2017,Turkish Airlines Inc.,1
2017,Tvadsync Limited,1
2017,Twilio Irl Ltd,3
2017,Twitter International Company,8
2017,Two Ten Health Limited,1
2017,U.S. Direct Ecommerce Ltd,4
2017,Ub Snackfoods Ireland Ltd,1
2017,Ubiqube (Ireland) Public Limited Company,1
2017,Ubs Fund Services (Ireland) Ltd,1
2017,Ucd,19
2017,Udemy Ireland Ltd,6
2017,Uhy Farrelly Dawe White Limited,1
2017,Uilinn Nursing Home Ltd,4
2017,Uillinn Nursing Home Limited,2
2017,Ultra Scan Ireland Ltd,1
2017,Ultrasound Dimension Ltd,1
2017,Unibottle Limited,1
2017,Unipolre Dac,1
2017,Unisync Recruitment Ltd,1
2017,United Parcel Service Cstc Ireland Limited,3
2017,United Parcel Service Cstc Ireland Ltd,3
2017,United Technologies Research Centre Ireland Limited,1
2017,Unitedhealth Group Global Healthcare Services Limited,1
2017,Unity Technologies It Limited,1
2017,Universal Hair And Scalp Clinic (Irl) Ltd.,1
2017,University College Cork,4
2017,University Hospital Kerry,85
2017,University Hospital Limerick,157
2017,University Hospital Waterford,123
2017,University Of Dublin,12
2017,University Of Limerick,5
2017,Unum Ireland Limited,1
2017,Urban Volt Limited,1
2017,V.F. Cold Stores Limited,1
2017,Value Food Ltd,1
2017,Var Cloud Horizon Limited,1
2017,Varna Healthcare Services,2
2017,Varna Healthcare Services Limited,2
2017,Varonis Systems (Ireland) Limited,1
2017,Vathsuka Limited,1
2017,Vconnecta Limited,1
2017,Ve Interactive Ireland Limited,1
2017,Vebl Europe Limited,3
2017,Vention Medical Ireland Ltd,2
2017,Veritas Storage (Ireland) Limited,7
2017,Verizon Services Ireland Limited,8
2017,Version 1 Software,27
2017,Vertice Integration Services Limited,1
2017,Vfm Healthcare (Ireland) Ltd,1
2017,Vgl Support Services Ireland Limited,1
2017,Viacheslav Borodin,2
2017,Victoria George W Limited,1
2017,Vida Living,1
2017,Vidappt,1
2017,Videodoc Limited,1
2017,Vilicom Engineering Ltd,1
2017,Villa Marie Nursing Home (Tipperary),2
2017,Vinnie Duffy Enterprises Ltd.,2
2017,Virgin Media Ireland Limited,1
2017,Virgo Construction Ltd,1
2017,Virtual Access Ireland Limited,1
2017,Virtuoso Learning Limited,1
2017,Virtus Partners Ireland Limited,3
2017,Virtusa Pvt Ltd.,1
2017,Virtustream Ireland Limited,1
2017,Viton Ltd,1
2017,Vitro Software Limited,3
2017,Vizor Limited,5
2017,Vladyslav Ivannikov,1
2017,Vmotion It Solutions Limited,1
2017,Vmra Consulting Engineers,1
2017,Vms Management Limited,1
2017,Vmware International Ltd,6
2017,Vocana Limited,1
2017,Vodafone Ireland Limited,7
2017,Voila (Baggot Street) Restaurant Limited,1
2017,Volkswagan Bank Gmbh,1
2017,Voysis Limited,1
2017,Wabisabi Restaurant Limited,2
2017,Wai Hung Tang T/A China House Restaurant,1
2017,Wai Yee Kong & Swee Woh Foong,2
2017,Wang Hua Ltd,2
2017,Ward Solutions Ltd,1
2017,Warsaw Retail Ltd,1
2017,Waterford/Wexford Mental Health Services,23
2017,Waterman Moylan Consulting Engineers Ltd,1
2017,Wattics Limited,2
2017,Wau Asian Cuisine Limited,1
2017,Wau Fusion Limited,1
2017,Wave Prime Limited,1
2017,Wavteq Ltd,1
2017,Wayfair Stores Limited,1
2017,Web Summit Services Ltd.,2
2017,Webdoctor Limited,1
2017,Webzen Dublin Limited,3
2017,Weener Plastics Ltd,2
2017,Welink Investments (Ireland) Limited,3
2017,Wells Fargo Bank International,3
2017,Welocalise Limited,1
2017,Werlay Limited,1
2017,West Pharmaceutical Products Ireland Limited,2
2017,West Wood Health Club,1
2017,Westdoc Ltd,1
2017,Weston Facilities Services Limited,1
2017,Wexford General Hospital,83
2017,Whistleridge Associates Ltd,1
2017,Wia Technologies Limited,1
2017,Wildcard Software,1
2017,Wilderness Ireland Travel Limited,1
2017,Wiline Pmu Limited,1
2017,William Farrell Ltd.,1
2017,William Fry,1
2017,Willoway Nursing Home Ltd,20
2017,Wincasset Ltd,1
2017,Windyridge Nurseries Garden Centre Ltd,1
2017,Wings Cafe Ltd,1
2017,Wipro Limited,107
2017,Wipro Limited - Irish Branch,153
2017,Wipro Outsourcing Services (Ireland)Ltd.,24
2017,Wizzki Recruit Ltd,1
2017,Wltyx Limited,1
2017,Workday Limited,29
2017,Workflow Ict Limited,2
2017,World Rugby Limiited,1
2017,Worldnettps Ltd,2
2017,Worldwide Insurance Brokers Advisors Ltd,1
2017,Wrike Ireland Limited,1
2017,Wrike Ireland Ltd,5
2017,Ws Atkins Ireland Limited,1
2017,Wyeth Nutritionals Ireland Limited,4
2017,Wygram Nursing Home Ltd,3
2017,Xeon Dental Services Limited,3
2017,Xetec Limited,2
2017,Xilinx Ireland Unlimited Company,18
2017,Ximin Chen,1
2017,Xingfeng Limited,1
2017,Xinji Limited,1
2017,Xiu Lan Hotels Ltd,1
2017,Xmusic Ireland Ltd,1
2017,Xqy Limited,1
2017,Xtech Fab Ready Solutions Europe Limited,1
2017,Yahoo! Emea Limited,3
2017,Yaling Zheng,1
2017,Yamamori Izakaya Ltd,4
2017,Yamamori Sushi Ltd,1
2017,Yan Ping Ji,1
2017,Yelsea Ltd,1
2017,Ying Nan Limited,2
2017,Ymca Hockey Club,1
2017,You Get It Back Ltd,2
2017,Your Express Services Ltd,1
2017,Your Smile Direct Limited,1
2017,Yuting Peng T/A Royal Park Chinese Restaurant,1
2017,Z-We-Ton (Raheen) Ltd,1
2017,Zahra Publishing Ltd,2
2017,Zaib Foods Limited,1
2017,Zalando Ireland Limited,4
2017,Zamco (Hatch Street) Limited,1
2017,Zappy Ltd,2
2017,Zazzle Ireland,2
2017,Zefone Limited,1
2017,Zefone Ltd,3
2017,Zendesk International Limited,10
2017,Zenith Technologies,7
2017,Zenith Technologies Ltd,20
2017,Zeus Packaging Ltd,1
2017,Zevas Communications Ltd,1
2017,Zhe Li,1
2017,Zhen Wu,1
2017,Zhuohui Wu,1
2017,Zoetis Belgium Sa (Irish Branch),5
2017,Zohaib Ventures Ltd,1
2017,Zurich Insurance Company Limited,2
2017,Zurich Insurance Plc,2
2017,Zyly Limited,2
